<Config>

	<append xpath="/blocks/block[@name='cntCar03SedanDamage0v04']">
		<property class="UpgradeBlock">
			<property name="ToBlock" value="FuriousRamsayBlackShieldWhiteCarSpawner"/>
			<property name="Item" value="FuriousRamsaySedanRepairKit"/>
			<property name="ItemCount" value="1"/>
			<property name="UpgradeHitCount" value="16"/>
		</property>
		<property name="CustomUpgradeSound" value="place_block_metal"/>
	</append>

	<append xpath="/blocks/block[@name='cntCar03SedanDamage0v01']">
		<property class="UpgradeBlock">
			<property name="ToBlock" value="FuriousRamsayBlackShieldBlueCarBlock"/>
			<property name="Item" value="FuriousRamsaySedanRepairKit"/>
			<property name="ItemCount" value="1"/>
			<property name="UpgradeHitCount" value="16"/>
		</property>
		<property name="CustomUpgradeSound" value="place_block_metal"/>
	</append>

	<append xpath="/blocks/block[@name='cntCar03SedanDamage0v02']">
		<property class="UpgradeBlock">
			<property name="ToBlock" value="FuriousRamsayBlackShieldYellowCarBlock"/>
			<property name="Item" value="FuriousRamsaySedanRepairKit"/>
			<property name="ItemCount" value="1"/>
			<property name="UpgradeHitCount" value="16"/>
		</property>
		<property name="CustomUpgradeSound" value="place_block_metal"/>
	</append>

	<append xpath="/blocks/block[@name='cntCar03SedanDamage0v03']">
		<property class="UpgradeBlock">
			<property name="ToBlock" value="FuriousRamsayBlackShieldMixedCarBlock"/>
			<property name="Item" value="FuriousRamsaySedanRepairKit"/>
			<property name="ItemCount" value="1"/>
			<property name="UpgradeHitCount" value="16"/>
		</property>
		<property name="CustomUpgradeSound" value="place_block_metal"/>
	</append>

	<append xpath="/blocks/block[@name='cntCar03SedanDamage0v05']">
		<property class="UpgradeBlock">
			<property name="ToBlock" value="FuriousRamsayBlackShieldRedCarBlock"/>
			<property name="Item" value="FuriousRamsaySedanRepairKit"/>
			<property name="ItemCount" value="1"/>
			<property name="UpgradeHitCount" value="16"/>
		</property>
		<property name="CustomUpgradeSound" value="place_block_metal"/>
	</append>

	<append xpath="/blocks/block[@name='cntCar03SedanDamage0v06']">
		<property class="UpgradeBlock">
			<property name="ToBlock" value="FuriousRamsayBlackShieldGreenCarBlock"/>
			<property name="Item" value="FuriousRamsaySedanRepairKit"/>
			<property name="ItemCount" value="1"/>
			<property name="UpgradeHitCount" value="16"/>
		</property>
		<property name="CustomUpgradeSound" value="place_block_metal"/>
	</append>

	<append xpath="/blocks/block[@name='cntCar03SedanDamage0v07']">
		<property class="UpgradeBlock">
			<property name="ToBlock" value="FuriousRamsayBlackShieldBlackCarBlock"/>
			<property name="Item" value="FuriousRamsaySedanRepairKit"/>
			<property name="ItemCount" value="1"/>
			<property name="UpgradeHitCount" value="16"/>
		</property>
		<property name="CustomUpgradeSound" value="place_block_metal"/>
	</append>

	<append xpath="/blocks/block[@name='cntCar03SedanDamage0v08']">
		<property class="UpgradeBlock">
			<property name="ToBlock" value="FuriousRamsayBlackShieldCopCarBlock"/>
			<property name="Item" value="FuriousRamsaySedanRepairKit"/>
			<property name="ItemCount" value="1"/>
			<property name="UpgradeHitCount" value="16"/>
		</property>
		<property name="CustomUpgradeSound" value="place_block_metal"/>
	</append>

	<append xpath="/blocks">

		<block name="FuriousRamsayMineHubcap">
			<property name="CreativeMode" value="None"/>
			<property name="Extends" value="mineCandyTin"/>
			<property name="Shape" value="ModelEntity"/>
			<property name="Model" value="Entities/Traps/hubcap_landminePrefab"/>
			<property name="Stacknumber" value="20"/>
			<property name="MaxDamage" value="5"/>
			<property name="Explosion.RadiusBlocks" value="3"/>
			<property name="Explosion.RadiusEntities" value="4"/>
			<property name="Explosion.BlockDamage" value="1000"/>
			<property name="Explosion.EntityDamage" value="1000"/>
			<property name="EconomicValue" value="146"/>
		</block>

		<block name="FuriousRamsayPetBlockBreak">
			<property name="CreativeMode" value="None"/>
			<property name="Extends" value="woodWeakNoUpgradeMaster"/>
			<property name="Class" value="TrapDoor"/>
			<property name="Material" value="Mcloth"/>
			<property name="Shape" value="New"/>
			<property name="Model" value="Plate"/>
			<property name="ImposterExchange" value="imposterBlock" param1="86"/>
			<property name="Mesh" value="transparent"/>
			<property name="Texture" value="285"/>
			<property name="TriggerDelay" value="0.01"/>
			<property name="TriggerSound" value=""/>
			<property name="Path" value="solid"/>
			<drop event="Fall" count="0" prob="0"/>
			<property name="ShowModelOnFall" value="false"/>
		</block>

		<block name="FuriousRamsayBlackShieldDecoyBlockBreak">
			<property name="CreativeMode" value="None"/>
			<property name="Extends" value="woodWeakNoUpgradeMaster"/>
			<property name="Class" value="TrapDoor"/>
			<property name="Material" value="Mcloth"/>
			<property name="Shape" value="New"/>
			<property name="Model" value="Plate"/>
			<property name="ImposterExchange" value="imposterBlock" param1="86"/>
			<property name="Mesh" value="transparent"/>
			<property name="Texture" value="285"/>
			<property name="TriggerDelay" value="0.01"/>
			<property name="TriggerSound" value=""/>
			<property name="Path" value="solid"/>
			<drop event="Fall" count="0" prob="0"/>
			<property name="ShowModelOnFall" value="false"/>
		</block>
	
		<block name="FuriousRamsayBlackShieldCarBlockBreak">
			<property name="CreativeMode" value="None"/>
			<property name="Extends" value="woodWeakNoUpgradeMaster"/>
			<property name="Class" value="TrapDoor"/>
			<property name="Material" value="Mcloth"/>
			<property name="Shape" value="New"/>
			<property name="Model" value="Plate"/>
			<property name="ImposterExchange" value="imposterBlock" param1="86"/>
			<property name="Mesh" value="transparent"/>
			<property name="Texture" value="285"/>
			<property name="TriggerDelay" value="0.01"/>
			<property name="TriggerSound" value=""/>
			<property name="Path" value="solid"/>
			<drop event="Fall" count="0" prob="0"/>
			<property name="ShowModelOnFall" value="false"/>
		</block>

		<block name="FuriousRamsayBlackShieldCarPlate">
			<property name="Tags" value="FuriousRamsayBlackShieldWhiteCarBlock"/>
			<property name="CreativeMode" value="None"/>
			<property name="Extends" value="looseBoardsTrapPlate1x1"/>			
			<property name="Material" value="Mmetal_weak"/>
			<property name="Mesh" value="transparent"/>
			<property name="Texture" value="285"/>
			<property name="Class" value="PlantGrowing"/>
			<property name="PlantGrowing.IsGrowOnTopEnabled" value="true"/>
			<property name="PlantGrowing.Next" value="FuriousRamsayBlackShieldCarBlockBreak"/>
			<property name="PlantGrowing.FertileLevel" value="0"/>
			<property name="PlantGrowing.GrowthRate" value="0.1"/>
			<property name="PlantGrowing.IsRandom" value="false"/>
			<property name="PlantGrowing.LightLevelStay" value="0"/>
		</block>

		<block name="FuriousRamsayBlackShieldWhiteCarBlock">
			<property name="Tags" value="FuriousRamsayBlackShieldWhiteCarBlock"/>
			<property name="CreativeMode" value="None"/>
			<property name="Extends" value="decoMannequinFemale"/>
			<property name="CustomIcon" value="cntCar03SedanDamage0Master"/>
			<property name="CustomIconTint" value="255, 255, 255"/>
			<property name="Shape" value="New"/>
			<property name="Model" value="plate"/>
			<property name="Material" value="Mmetal_weak"/>
			<property name="Mesh" value="transparent"/>
			<property name="Texture" value="285"/>
			<property name="StabilitySupport" value="true"/>
			<property name="Class" value="PlantGrowing"/>
			<property name="PlantGrowing.IsGrowOnTopEnabled" value="true"/>
			<property name="PlantGrowing.Next" value="FuriousRamsayBlackShieldCarPlate"/>
			<property name="PlantGrowing.GrowOnTop" value="FuriousRamsayBlackShieldWhiteCarSpawner" />
			<property name="PlantGrowing.FertileLevel" value="0"/>
			<property name="PlantGrowing.GrowthRate" value="0.01"/>
			<property name="PlantGrowing.IsRandom" value="false"/>
			<property name="PlantGrowing.LightLevelStay" value="0"/>
		</block>	
		
		<block name="FuriousRamsayBlackShieldWhiteCarSpawner">
			<property name="Tags" value="FuriousRamsayBlackShieldWhiteCarBlock"/>
			<property name="CreativeMode" value="None"/>
			<property name="Class" value="SpawnEntity"/>
			<property name="Shape" value="ModelEntity"/>			
			<property name="Model" value="Entities/Decor/cobwebPrefab"/>	
			<property name="Mesh" value="models"/>
			<property name="Material" value="FuriousRamsaySpawnerMaterials"/>
			<property name="StabilitySupport" value="false"/>
			<property name="Collide" value="sight"/>
			<drop event="Fall" count="0" prob="0"/>
			<property name="SpawnClass" value="FuriousRamsayBlackShieldWhiteCar"/>			
		</block>
	
		<block name="FuriousRamsayBlackShieldBlueCarBlock">
			<property name="Tags" value="FuriousRamsayBlackShieldBlueCarBlock"/>
			<property name="CreativeMode" value="None"/>
			<property name="Extends" value="decoMannequinFemale"/>
			<property name="CustomIcon" value="cntCar03SedanDamage0Master"/>
			<property name="CustomIconTint" value="255, 255, 255"/>
			<property name="Shape" value="New"/>
			<property name="Model" value="plate"/>
			<property name="Material" value="Mmetal_weak"/>
			<property name="Mesh" value="transparent"/>
			<property name="Texture" value="285"/>
			<property name="StabilitySupport" value="true"/>
			<property name="Class" value="PlantGrowing"/>
			<property name="PlantGrowing.IsGrowOnTopEnabled" value="true"/>
			<property name="PlantGrowing.Next" value="FuriousRamsayBlackShieldCarPlate"/>
			<property name="PlantGrowing.GrowOnTop" value="FuriousRamsayBlackShieldBlueCarSpawner" />
			<property name="PlantGrowing.FertileLevel" value="0"/>
			<property name="PlantGrowing.GrowthRate" value="0.01"/>
			<property name="PlantGrowing.IsRandom" value="false"/>
			<property name="PlantGrowing.LightLevelStay" value="0"/>
		</block>	
		
		<block name="FuriousRamsayBlackShieldBlueCarSpawner">
			<property name="Tags" value="FuriousRamsayBlackShieldBlueCarBlock"/>
			<property name="CreativeMode" value="None"/>
			<property name="Material" value="FuriousRamsaySpawnerMaterials"/>
			<property name="Extends" value="spawnTrader"/>
			<property name="Shape" value="ModelEntity"/>			
			<property name="Model" value="Entities/Decor/cobwebPrefab"/>	
			<drop event="Fall" count="0" prob="0"/>		
			<property name="SpawnClass" value="FuriousRamsayBlackShieldBlueCar"/>			
		</block>

		<block name="FuriousRamsayBlackShieldYellowCarBlock">
			<property name="Tags" value="FuriousRamsayBlackShieldYellowCarBlock"/>
			<property name="CreativeMode" value="None"/>
			<property name="Extends" value="decoMannequinFemale"/>
			<property name="CustomIcon" value="cntCar03SedanDamage0Master"/>
			<property name="CustomIconTint" value="255, 255, 255"/>
			<property name="Shape" value="New"/>
			<property name="Model" value="plate"/>
			<property name="Material" value="Mmetal_weak"/>
			<property name="Mesh" value="transparent"/>
			<property name="Texture" value="285"/>
			<property name="StabilitySupport" value="true"/>
			<property name="Class" value="PlantGrowing"/>
			<property name="PlantGrowing.IsGrowOnTopEnabled" value="true"/>
			<property name="PlantGrowing.Next" value="FuriousRamsayBlackShieldCarPlate"/>
			<property name="PlantGrowing.GrowOnTop" value="FuriousRamsayBlackShieldYellowCarSpawner" />
			<property name="PlantGrowing.FertileLevel" value="0"/>
			<property name="PlantGrowing.GrowthRate" value="0.01"/>
			<property name="PlantGrowing.IsRandom" value="false"/>
			<property name="PlantGrowing.LightLevelStay" value="0"/>
		</block>	
		
		<block name="FuriousRamsayBlackShieldYellowCarSpawner">
			<property name="Tags" value="FuriousRamsayBlackShieldYellowCarBlock"/>
			<property name="CreativeMode" value="None"/>
			<property name="Material" value="FuriousRamsaySpawnerMaterials"/>
			<property name="Extends" value="spawnTrader"/>
			<property name="Shape" value="ModelEntity"/>			
			<property name="Model" value="Entities/Decor/cobwebPrefab"/>	
			<drop event="Fall" count="0" prob="0"/>		
			<property name="SpawnClass" value="FuriousRamsayBlackShieldYellowCar"/>			
		</block>

		<block name="FuriousRamsayBlackShieldRedCarBlock">
			<property name="Tags" value="FuriousRamsayBlackShieldRedCarBlock"/>
			<property name="CreativeMode" value="None"/>
			<property name="Extends" value="decoMannequinFemale"/>
			<property name="CustomIcon" value="cntCar03SedanDamage0Master"/>
			<property name="CustomIconTint" value="255, 255, 255"/>
			<property name="Shape" value="New"/>
			<property name="Model" value="plate"/>
			<property name="Material" value="Mmetal_weak"/>
			<property name="Mesh" value="transparent"/>
			<property name="Texture" value="285"/>
			<property name="StabilitySupport" value="true"/>
			<property name="Class" value="PlantGrowing"/>
			<property name="PlantGrowing.IsGrowOnTopEnabled" value="true"/>
			<property name="PlantGrowing.Next" value="FuriousRamsayBlackShieldCarPlate"/>
			<property name="PlantGrowing.GrowOnTop" value="FuriousRamsayBlackShieldRedCarSpawner" />
			<property name="PlantGrowing.FertileLevel" value="0"/>
			<property name="PlantGrowing.GrowthRate" value="0.01"/>
			<property name="PlantGrowing.IsRandom" value="false"/>
			<property name="PlantGrowing.LightLevelStay" value="0"/>
		</block>	
		
		<block name="FuriousRamsayBlackShieldRedCarSpawner">
			<property name="Tags" value="FuriousRamsayBlackShieldRedCarBlock"/>
			<property name="CreativeMode" value="None"/>
			<property name="Material" value="FuriousRamsaySpawnerMaterials"/>
			<property name="Extends" value="spawnTrader"/>
			<property name="Shape" value="ModelEntity"/>			
			<property name="Model" value="Entities/Decor/cobwebPrefab"/>	
			<drop event="Fall" count="0" prob="0"/>		
			<property name="SpawnClass" value="FuriousRamsayBlackShieldRedCar"/>			
		</block>

		<block name="FuriousRamsayBlackShieldMixedCarBlock">
			<property name="Tags" value="FuriousRamsayBlackShieldMixedCarBlock"/>
			<property name="CreativeMode" value="None"/>
			<property name="Extends" value="decoMannequinFemale"/>
			<property name="CustomIcon" value="cntCar03SedanDamage0Master"/>
			<property name="CustomIconTint" value="255, 255, 255"/>
			<property name="Shape" value="New"/>
			<property name="Model" value="plate"/>
			<property name="Material" value="Mmetal_weak"/>
			<property name="Mesh" value="transparent"/>
			<property name="Texture" value="285"/>
			<property name="StabilitySupport" value="true"/>
			<property name="Class" value="PlantGrowing"/>
			<property name="PlantGrowing.IsGrowOnTopEnabled" value="true"/>
			<property name="PlantGrowing.Next" value="FuriousRamsayBlackShieldCarPlate"/>
			<property name="PlantGrowing.GrowOnTop" value="FuriousRamsayBlackShieldMixedCarSpawner" />
			<property name="PlantGrowing.FertileLevel" value="0"/>
			<property name="PlantGrowing.GrowthRate" value="0.01"/>
			<property name="PlantGrowing.IsRandom" value="false"/>
			<property name="PlantGrowing.LightLevelStay" value="0"/>
		</block>	
		
		<block name="FuriousRamsayBlackShieldMixedCarSpawner">
			<property name="Tags" value="FuriousRamsayBlackShieldMixedCarBlock"/>
			<property name="CreativeMode" value="None"/>
			<property name="Material" value="FuriousRamsaySpawnerMaterials"/>
			<property name="Extends" value="spawnTrader"/>
			<property name="Shape" value="ModelEntity"/>			
			<property name="Model" value="Entities/Decor/cobwebPrefab"/>	
			<drop event="Fall" count="0" prob="0"/>		
			<property name="SpawnClass" value="FuriousRamsayBlackShieldMixedCar"/>			
		</block>

		<block name="FuriousRamsayBlackShieldGreenCarBlock">
			<property name="Tags" value="FuriousRamsayBlackShieldGreenCarBlock"/>
			<property name="CreativeMode" value="None"/>
			<property name="Extends" value="decoMannequinFemale"/>
			<property name="CustomIcon" value="cntCar03SedanDamage0Master"/>
			<property name="CustomIconTint" value="255, 255, 255"/>
			<property name="Shape" value="New"/>
			<property name="Model" value="plate"/>
			<property name="Material" value="Mmetal_weak"/>
			<property name="Mesh" value="transparent"/>
			<property name="Texture" value="285"/>
			<property name="StabilitySupport" value="true"/>
			<property name="Class" value="PlantGrowing"/>
			<property name="PlantGrowing.IsGrowOnTopEnabled" value="true"/>
			<property name="PlantGrowing.Next" value="FuriousRamsayBlackShieldCarPlate"/>
			<property name="PlantGrowing.GrowOnTop" value="FuriousRamsayBlackShieldGreenCarSpawner" />
			<property name="PlantGrowing.FertileLevel" value="0"/>
			<property name="PlantGrowing.GrowthRate" value="0.01"/>
			<property name="PlantGrowing.IsRandom" value="false"/>
			<property name="PlantGrowing.LightLevelStay" value="0"/>
		</block>	
		
		<block name="FuriousRamsayBlackShieldGreenCarSpawner">
			<property name="Tags" value="FuriousRamsayBlackShieldGreenCarBlock"/>
			<property name="CreativeMode" value="None"/>
			<property name="Material" value="FuriousRamsaySpawnerMaterials"/>
			<property name="Extends" value="spawnTrader"/>
			<property name="Shape" value="ModelEntity"/>			
			<property name="Model" value="Entities/Decor/cobwebPrefab"/>	
			<drop event="Fall" count="0" prob="0"/>		
			<property name="SpawnClass" value="FuriousRamsayBlackShieldGreenCar"/>			
		</block>

		<block name="FuriousRamsayBlackShieldBlackCarBlock">
			<property name="Tags" value="FuriousRamsayBlackShieldBlackCarBlock"/>
			<property name="CreativeMode" value="None"/>
			<property name="Extends" value="decoMannequinFemale"/>
			<property name="CustomIcon" value="cntCar03SedanDamage0Master"/>
			<property name="CustomIconTint" value="255, 255, 255"/>
			<property name="Shape" value="New"/>
			<property name="Model" value="plate"/>
			<property name="Material" value="Mmetal_weak"/>
			<property name="Mesh" value="transparent"/>
			<property name="Texture" value="285"/>
			<property name="StabilitySupport" value="true"/>
			<property name="Class" value="PlantGrowing"/>
			<property name="PlantGrowing.IsGrowOnTopEnabled" value="true"/>
			<property name="PlantGrowing.Next" value="FuriousRamsayBlackShieldCarPlate"/>
			<property name="PlantGrowing.GrowOnTop" value="FuriousRamsayBlackShieldBlackCarSpawner" />
			<property name="PlantGrowing.FertileLevel" value="0"/>
			<property name="PlantGrowing.GrowthRate" value="0.01"/>
			<property name="PlantGrowing.IsRandom" value="false"/>
			<property name="PlantGrowing.LightLevelStay" value="0"/>
		</block>	
		
		<block name="FuriousRamsayBlackShieldBlackCarSpawner">
			<property name="Tags" value="FuriousRamsayBlackShieldBlackCarBlock"/>
			<property name="CreativeMode" value="None"/>
			<property name="Material" value="FuriousRamsaySpawnerMaterials"/>
			<property name="Extends" value="spawnTrader"/>
			<property name="Shape" value="ModelEntity"/>			
			<property name="Model" value="Entities/Decor/cobwebPrefab"/>	
			<drop event="Fall" count="0" prob="0"/>		
			<property name="SpawnClass" value="FuriousRamsayBlackShieldBlackCar"/>			
		</block>

		<block name="FuriousRamsayBlackShieldCopCarBlock">
			<property name="Tags" value="FuriousRamsayBlackShieldCopCarBlock"/>
			<property name="CreativeMode" value="None"/>
			<property name="Extends" value="decoMannequinFemale"/>
			<property name="CustomIcon" value="cntCar03SedanDamage0Master"/>
			<property name="CustomIconTint" value="255, 255, 255"/>
			<property name="Shape" value="New"/>
			<property name="Model" value="plate"/>
			<property name="Material" value="Mmetal_weak"/>
			<property name="Mesh" value="transparent"/>
			<property name="Texture" value="285"/>
			<property name="StabilitySupport" value="true"/>
			<property name="Class" value="PlantGrowing"/>
			<property name="PlantGrowing.IsGrowOnTopEnabled" value="true"/>
			<property name="PlantGrowing.Next" value="FuriousRamsayBlackShieldCarPlate"/>
			<property name="PlantGrowing.GrowOnTop" value="FuriousRamsayBlackShieldCopCarSpawner" />
			<property name="HarvestOverdamage" value="true"/>
			<property name="PlantGrowing.FertileLevel" value="0"/>
			<property name="PlantGrowing.GrowthRate" value="0.01"/>
			<property name="PlantGrowing.IsRandom" value="false"/>
			<property name="PlantGrowing.LightLevelStay" value="0"/>
		</block>	
		
		<block name="FuriousRamsayBlackShieldCopCarSpawner">
			<property name="Tags" value="FuriousRamsayBlackShieldCopCarBlock"/>
			<property name="CreativeMode" value="None"/>
			<property name="Material" value="FuriousRamsaySpawnerMaterials"/>
			<property name="Extends" value="spawnTrader"/>
			<property name="Shape" value="ModelEntity"/>			
			<property name="Model" value="Entities/Decor/cobwebPrefab"/>	
			<drop event="Fall" count="0" prob="0"/>		
			<property name="SpawnClass" value="FuriousRamsayBlackShieldCopCar"/>			
		</block>

		<block name="FuriousRamsayBlackShieldDecoyPlate">
			<property name="CreativeMode" value="None"/>
			<property name="Extends" value="looseBoardsTrapPlate1x1"/>			
			<property name="Material" value="Mmetal_weak"/>
			<property name="Mesh" value="transparent"/>
			<property name="Texture" value="285"/>
			<property name="Class" value="PlantGrowing"/>
			<property name="PlantGrowing.IsGrowOnTopEnabled" value="true"/>
			<property name="PlantGrowing.Next" value="FuriousRamsayBlackShieldDecoyBlockBreak"/>
			<property name="PlantGrowing.FertileLevel" value="0"/>
			<property name="PlantGrowing.GrowthRate" value="0.1"/>
			<property name="PlantGrowing.IsRandom" value="false"/>
			<property name="PlantGrowing.LightLevelStay" value="0"/>
		</block>

		<block name="FuriousRamsayPetPlate">
			<property name="CreativeMode" value="None"/>
			<property name="Extends" value="looseBoardsTrapPlate1x1"/>			
			<property name="Material" value="Mmetal_weak"/>
			<property name="Mesh" value="transparent"/>
			<property name="Texture" value="285"/>
			<property name="Class" value="PlantGrowing"/>
			<property name="PlantGrowing.IsGrowOnTopEnabled" value="true"/>
			<property name="PlantGrowing.Next" value="FuriousRamsayPetBlockBreak"/>
			<property name="PlantGrowing.FertileLevel" value="0"/>
			<property name="PlantGrowing.GrowthRate" value="0.1"/>
			<property name="PlantGrowing.IsRandom" value="false"/>
			<property name="PlantGrowing.LightLevelStay" value="0"/>
		</block>

		<block name="FuriousRamsayDogPet">
			<property name="CreativeMode" value="None"/>
			<property name="Extends" value="decoMannequinFemale"/>
		
			<property name="Shape" value="New"/>
			<property name="Model" value="plate"/>
			<property name="Material" value="Mmetal_weak"/>
			<property name="Mesh" value="transparent"/>
			<property name="Texture" value="285"/>
			<property name="StabilitySupport" value="true"/>
			<property name="Class" value="PlantGrowing"/>
			<property name="PlantGrowing.IsGrowOnTopEnabled" value="true"/>
			<property name="PlantGrowing.Next" value="FuriousRamsayPetPlate"/>
			<property name="PlantGrowing.GrowOnTop" value="FuriousRamsayDogPetSpawner" />
			<property name="PlantGrowing.FertileLevel" value="0"/>
			<property name="PlantGrowing.GrowthRate" value="0.01"/>
			<property name="PlantGrowing.IsRandom" value="false"/>
			<property name="PlantGrowing.LightLevelStay" value="0"/>
		</block>	
		
		<block name="FuriousRamsayDogPetSpawner">
			<property name="CreativeMode" value="None"/>
			<property name="Material" value="FuriousRamsaySpawnerMaterials"/>
			<property name="Extends" value="spawnTrader"/>
			<property name="Shape" value="ModelEntity"/>			
			<property name="Model" value="Entities/Decor/cobwebPrefab"/>	
			<drop event="Fall" count="0" prob="0"/>		
			<property name="SpawnClass" value="FuriousRamsayAllyDogTier1Pet"/>			
		</block>

		<block name="FuriousRamsayWolfPet">
			<property name="CreativeMode" value="None"/>
			<property name="Extends" value="decoMannequinFemale"/>
		
			<property name="Shape" value="New"/>
			<property name="Model" value="plate"/>
			<property name="Material" value="Mmetal_weak"/>
			<property name="Mesh" value="transparent"/>
			<property name="Texture" value="285"/>
			<property name="StabilitySupport" value="true"/>
			<property name="Class" value="PlantGrowing"/>
			<property name="PlantGrowing.IsGrowOnTopEnabled" value="true"/>
			<property name="PlantGrowing.Next" value="FuriousRamsayPetPlate"/>
			<property name="PlantGrowing.GrowOnTop" value="FuriousRamsayWolfPetSpawner" />
			<property name="PlantGrowing.FertileLevel" value="0"/>
			<property name="PlantGrowing.GrowthRate" value="0.01"/>
			<property name="PlantGrowing.IsRandom" value="false"/>
			<property name="PlantGrowing.LightLevelStay" value="0"/>
		</block>	
		
		<block name="FuriousRamsayWolfPetSpawner">
			<property name="CreativeMode" value="None"/>
			<property name="Material" value="FuriousRamsaySpawnerMaterials"/>
			<property name="Extends" value="spawnTrader"/>
			<property name="Shape" value="ModelEntity"/>			
			<property name="Model" value="Entities/Decor/cobwebPrefab"/>	
			<drop event="Fall" count="0" prob="0"/>		
			<property name="SpawnClass" value="FuriousRamsayAllyWolfTier2Pet"/>			
		</block>

		<block name="FuriousRamsayLionPet">
			<property name="CreativeMode" value="None"/>
			<property name="Extends" value="decoMannequinFemale"/>
		
			<property name="Shape" value="New"/>
			<property name="Model" value="plate"/>
			<property name="Material" value="Mmetal_weak"/>
			<property name="Mesh" value="transparent"/>
			<property name="Texture" value="285"/>
			<property name="StabilitySupport" value="true"/>
			<property name="Class" value="PlantGrowing"/>
			<property name="PlantGrowing.IsGrowOnTopEnabled" value="true"/>
			<property name="PlantGrowing.Next" value="FuriousRamsayPetPlate"/>
			<property name="PlantGrowing.GrowOnTop" value="FuriousRamsayLionPetSpawner" />
			<property name="PlantGrowing.FertileLevel" value="0"/>
			<property name="PlantGrowing.GrowthRate" value="0.01"/>
			<property name="PlantGrowing.IsRandom" value="false"/>
			<property name="PlantGrowing.LightLevelStay" value="0"/>
		</block>	
		
		<block name="FuriousRamsayLionPetSpawner">
			<property name="CreativeMode" value="None"/>
			<property name="Material" value="FuriousRamsaySpawnerMaterials"/>
			<property name="Extends" value="spawnTrader"/>
			<property name="Shape" value="ModelEntity"/>			
			<property name="Model" value="Entities/Decor/cobwebPrefab"/>	
			<drop event="Fall" count="0" prob="0"/>		
			<property name="SpawnClass" value="FuriousRamsayAllyLionTier3Pet"/>			
		</block>

		<block name="FuriousRamsayBearPet">
			<property name="CreativeMode" value="None"/>
			<property name="Extends" value="decoMannequinFemale"/>
		
			<property name="Shape" value="New"/>
			<property name="Model" value="plate"/>
			<property name="Material" value="Mmetal_weak"/>
			<property name="Mesh" value="transparent"/>
			<property name="Texture" value="285"/>
			<property name="StabilitySupport" value="true"/>
			<property name="Class" value="PlantGrowing"/>
			<property name="PlantGrowing.IsGrowOnTopEnabled" value="true"/>
			<property name="PlantGrowing.Next" value="FuriousRamsayPetPlate"/>
			<property name="PlantGrowing.GrowOnTop" value="FuriousRamsayBearPetSpawner" />
			<property name="PlantGrowing.FertileLevel" value="0"/>
			<property name="PlantGrowing.GrowthRate" value="0.01"/>
			<property name="PlantGrowing.IsRandom" value="false"/>
			<property name="PlantGrowing.LightLevelStay" value="0"/>
		</block>	
		
		<block name="FuriousRamsayBearPetSpawner">
			<property name="CreativeMode" value="None"/>
			<property name="Material" value="FuriousRamsaySpawnerMaterials"/>
			<property name="Extends" value="spawnTrader"/>
			<property name="Shape" value="ModelEntity"/>			
			<property name="Model" value="Entities/Decor/cobwebPrefab"/>	
			<drop event="Fall" count="0" prob="0"/>		
			<property name="SpawnClass" value="FuriousRamsayAllyBearTier4Pet"/>			
		</block>

		<block name="FuriousRamsayCoyotePet">
			<property name="CreativeMode" value="None"/>
			<property name="Extends" value="decoMannequinFemale"/>
		
			<property name="Shape" value="New"/>
			<property name="Model" value="plate"/>
			<property name="Material" value="Mmetal_weak"/>
			<property name="Mesh" value="transparent"/>
			<property name="Texture" value="285"/>
			<property name="StabilitySupport" value="true"/>
			<property name="Class" value="PlantGrowing"/>
			<property name="PlantGrowing.IsGrowOnTopEnabled" value="true"/>
			<property name="PlantGrowing.Next" value="FuriousRamsayPetPlate"/>
			<property name="PlantGrowing.GrowOnTop" value="FuriousRamsayCoyotePetSpawner" />
			<property name="PlantGrowing.FertileLevel" value="0"/>
			<property name="PlantGrowing.GrowthRate" value="0.01"/>
			<property name="PlantGrowing.IsRandom" value="false"/>
			<property name="PlantGrowing.LightLevelStay" value="0"/>
		</block>	
		
		<block name="FuriousRamsayCoyotePetSpawner">
			<property name="CreativeMode" value="None"/>
			<property name="Material" value="FuriousRamsaySpawnerMaterials"/>
			<property name="Extends" value="spawnTrader"/>
			<property name="Shape" value="ModelEntity"/>			
			<property name="Model" value="Entities/Decor/cobwebPrefab"/>	
			<drop event="Fall" count="0" prob="0"/>		
			<property name="SpawnClass" value="FuriousRamsayAllyCoyotePet"/>			
		</block>

		<block name="FuriousRamsayBoarPet">
			<property name="CreativeMode" value="None"/>
			<property name="Extends" value="decoMannequinFemale"/>
		
			<property name="Shape" value="New"/>
			<property name="Model" value="plate"/>
			<property name="Material" value="Mmetal_weak"/>
			<property name="Mesh" value="transparent"/>
			<property name="Texture" value="285"/>
			<property name="StabilitySupport" value="true"/>
			<property name="Class" value="PlantGrowing"/>
			<property name="PlantGrowing.IsGrowOnTopEnabled" value="true"/>
			<property name="PlantGrowing.Next" value="FuriousRamsayPetPlate"/>
			<property name="PlantGrowing.GrowOnTop" value="FuriousRamsayBoarPetSpawner" />
			<property name="PlantGrowing.FertileLevel" value="0"/>
			<property name="PlantGrowing.GrowthRate" value="0.01"/>
			<property name="PlantGrowing.IsRandom" value="false"/>
			<property name="PlantGrowing.LightLevelStay" value="0"/>
		</block>	
		
		<block name="FuriousRamsayBoarPetSpawner">
			<property name="CreativeMode" value="None"/>
			<property name="Material" value="FuriousRamsaySpawnerMaterials"/>
			<property name="Extends" value="spawnTrader"/>
			<property name="Shape" value="ModelEntity"/>			
			<property name="Model" value="Entities/Decor/cobwebPrefab"/>	
			<drop event="Fall" count="0" prob="0"/>		
			<property name="SpawnClass" value="FuriousRamsayAllyBoarPet"/>			
		</block>

		<block name="FuriousRamsayRabbitPet">
			<property name="CreativeMode" value="None"/>
			<property name="Extends" value="decoMannequinFemale"/>
		
			<property name="Shape" value="New"/>
			<property name="Model" value="plate"/>
			<property name="Material" value="Mmetal_weak"/>
			<property name="Mesh" value="transparent"/>
			<property name="Texture" value="285"/>
			<property name="StabilitySupport" value="true"/>
			<property name="Class" value="PlantGrowing"/>
			<property name="PlantGrowing.IsGrowOnTopEnabled" value="true"/>
			<property name="PlantGrowing.Next" value="FuriousRamsayPetPlate"/>
			<property name="PlantGrowing.GrowOnTop" value="FuriousRamsayRabbitPetSpawner" />
			<property name="PlantGrowing.FertileLevel" value="0"/>
			<property name="PlantGrowing.GrowthRate" value="0.01"/>
			<property name="PlantGrowing.IsRandom" value="false"/>
			<property name="PlantGrowing.LightLevelStay" value="0"/>
		</block>	
		
		<block name="FuriousRamsayRabbitPetSpawner">
			<property name="CreativeMode" value="None"/>
			<property name="Material" value="FuriousRamsaySpawnerMaterials"/>
			<property name="Extends" value="spawnTrader"/>
			<property name="Shape" value="ModelEntity"/>			
			<property name="Model" value="Entities/Decor/cobwebPrefab"/>	
			<drop event="Fall" count="0" prob="0"/>		
			<property name="SpawnClass" value="FuriousRamsayAllyRabbitPet"/>			
		</block>

		<block name="FuriousRamsayChickenPet">
			<property name="CreativeMode" value="None"/>
			<property name="Extends" value="decoMannequinFemale"/>
		
			<property name="Shape" value="New"/>
			<property name="Model" value="plate"/>
			<property name="Material" value="Mmetal_weak"/>
			<property name="Mesh" value="transparent"/>
			<property name="Texture" value="285"/>
			<property name="StabilitySupport" value="true"/>
			<property name="Class" value="PlantGrowing"/>
			<property name="PlantGrowing.IsGrowOnTopEnabled" value="true"/>
			<property name="PlantGrowing.Next" value="FuriousRamsayPetPlate"/>
			<property name="PlantGrowing.GrowOnTop" value="FuriousRamsayChickenPetSpawner" />
			<property name="PlantGrowing.FertileLevel" value="0"/>
			<property name="PlantGrowing.GrowthRate" value="0.01"/>
			<property name="PlantGrowing.IsRandom" value="false"/>
			<property name="PlantGrowing.LightLevelStay" value="0"/>
		</block>	
		
		<block name="FuriousRamsayChickenPetSpawner">
			<property name="CreativeMode" value="None"/>
			<property name="Material" value="FuriousRamsaySpawnerMaterials"/>
			<property name="Extends" value="spawnTrader"/>
			<property name="Shape" value="ModelEntity"/>			
			<property name="Model" value="Entities/Decor/cobwebPrefab"/>	
			<drop event="Fall" count="0" prob="0"/>		
			<property name="SpawnClass" value="FuriousRamsayAllyChickenPet"/>			
		</block>

		<block name="FuriousRamsayBlackShieldDecoyTier1">
			<property name="CreativeMode" value="None"/>
			<property name="Extends" value="decoMannequinFemale"/>
		
			<property name="Shape" value="New"/>
			<property name="Model" value="plate"/>
			<property name="Material" value="Mmetal_weak"/>
			<property name="Mesh" value="transparent"/>
			<property name="Texture" value="285"/>
			<property name="StabilitySupport" value="true"/>
			<property name="Class" value="PlantGrowing"/>
			<property name="PlantGrowing.IsGrowOnTopEnabled" value="true"/>
			<property name="PlantGrowing.Next" value="FuriousRamsayBlackShieldDecoyPlate"/>
			<property name="PlantGrowing.GrowOnTop" value="FuriousRamsayBlackShieldDecoySpawnerTier1" />
			<property name="PlantGrowing.FertileLevel" value="0"/>
			<property name="PlantGrowing.GrowthRate" value="0.01"/>
			<property name="PlantGrowing.IsRandom" value="false"/>
			<property name="PlantGrowing.LightLevelStay" value="0"/>
		</block>	
		
		<block name="FuriousRamsayBlackShieldDecoySpawnerTier1">
			<property name="CreativeMode" value="None"/>
			<property name="Material" value="FuriousRamsaySpawnerMaterials"/>
			<property name="Extends" value="spawnTrader"/>
			<property name="Shape" value="ModelEntity"/>			
			<property name="Model" value="Entities/Decor/cobwebPrefab"/>	
			<drop event="Fall" count="0" prob="0"/>		
			<property name="SpawnClass" value="FuriousRamsayBlackShieldDecoyTier1"/>			
		</block>

		<!--<block name="FuriousRamsayBlackShieldDecoyBase">
			<property name="CreativeMode" value="None"/>
			<property name="Extends" value="FuriousRamsayBlackShieldDecoyBlockBreak"/>			

			<property name="TriggerDelay" value="0.01"/>
			<property name="TriggerSound" value=""/>
			<property name="ShowModelOnFall" value="false"/>
			<drop event="Fall" count="0" prob="0"/>

			<property name="Class" value="PlantGrowing"/>
			<property name="PlantGrowing.IsGrowOnTopEnabled" value="true"/>
			<property name="PlantGrowing.Next" value="FuriousRamsayBlackShieldDecoyBlockBreak"/>
			<property name="PlantGrowing.FertileLevel" value="0"/>
			<property name="PlantGrowing.GrowthRate" value="0.1"/>
			<property name="PlantGrowing.IsRandom" value="false"/>
			<property name="PlantGrowing.LightLevelStay" value="0"/>
		</block>

		<block name="FuriousRamsayBlackShieldDecoyTier1">
			<property name="CreativeMode" value="None"/>
			<property name="Material" value="Mmetal"/>
			<property name="Shape" value="ModelEntity"/>
			<property name="Texture" value="282"/>
			<property name="IsTerrainDecoration" value="true"/>
			<property name="Model" value="#Other/Items?Misc/snowballPrefab.prefab"/>
			<property name="ModelOffset" value="0,-0.1,0"/>
			<property name="StabilitySupport" value="false"/>
			<property name="Class" value="PlantGrowing"/>
			<property name="PlantGrowing.IsGrowOnTopEnabled" value="true"/>
			<property name="PlantGrowing.Next" value="FuriousRamsayBlackShieldDecoyBase"/>
			<property name="PlantGrowing.GrowOnTop" value="FuriousRamsayBlackShieldDecoySpawnerTier1" />
			<property name="PlantGrowing.FertileLevel" value="0"/>
			<property name="PlantGrowing.GrowthRate" value="0.01"/>
			<property name="PlantGrowing.IsRandom" value="false"/>
			<property name="PlantGrowing.LightLevelStay" value="0"/>
		</block>	-->

		<!--<block name="FuriousRamsayBlackShieldDecoySpawnerTier1">
			<property name="CreativeMode" value="None"/>
			<property name="Class" value="SpawnEntity"/>
			<property name="Material" value="FuriousRamsaySpawnerMaterials"/>
			<property name="Shape" value="ModelEntity"/>			
			<property name="Mesh" value="models"/>
			<property name="Model" value="#Other/Items?Misc/snowballPrefab.prefab"/>
			<property name="ModelOffset" value="0,-10,0"/>
			<drop event="Fall" count="0" prob="0"/>
			<property name="SpawnClass" value="FuriousRamsayBlackShieldDecoyTier1"/>
		</block>-->
		
		<block name="FuriousRamsayBlackShieldDecoyTier2">
			<property name="CreativeMode" value="None"/>
			<property name="Extends" value="decoMannequinFemale"/>
		
			<property name="Shape" value="New"/>
			<property name="Model" value="plate"/>
			<property name="Material" value="Mmetal_weak"/>
			<property name="Mesh" value="transparent"/>
			<property name="Texture" value="285"/>
			<property name="StabilitySupport" value="true"/>
			<property name="Class" value="PlantGrowing"/>
			<property name="PlantGrowing.IsGrowOnTopEnabled" value="true"/>
			<property name="PlantGrowing.Next" value="FuriousRamsayBlackShieldDecoyPlate"/>
			<property name="PlantGrowing.GrowOnTop" value="FuriousRamsayBlackShieldDecoySpawnerTier2" />
			<property name="PlantGrowing.FertileLevel" value="0"/>
			<property name="PlantGrowing.GrowthRate" value="0.01"/>
			<property name="PlantGrowing.IsRandom" value="false"/>
			<property name="PlantGrowing.LightLevelStay" value="0"/>
		</block>	
		
		<block name="FuriousRamsayBlackShieldDecoySpawnerTier2">
			<property name="CreativeMode" value="None"/>
			<property name="Material" value="FuriousRamsaySpawnerMaterials"/>
			<property name="Extends" value="spawnTrader"/>
			<property name="Shape" value="ModelEntity"/>			
			<property name="Model" value="Entities/Decor/cobwebPrefab"/>	
			<drop event="Fall" count="0" prob="0"/>		
			<property name="SpawnClass" value="FuriousRamsayBlackShieldDecoyTier2"/>
		</block>
		
		<block name="FuriousRamsayBlackShieldDecoyTier3">
			<property name="CreativeMode" value="None"/>
			<property name="Extends" value="decoMannequinFemale"/>
		
			<property name="Shape" value="New"/>
			<property name="Model" value="plate"/>
			<property name="Material" value="Mmetal_weak"/>
			<property name="Mesh" value="transparent"/>
			<property name="Texture" value="285"/>
			<property name="StabilitySupport" value="true"/>
			<property name="Class" value="PlantGrowing"/>
			<property name="PlantGrowing.IsGrowOnTopEnabled" value="true"/>
			<property name="PlantGrowing.Next" value="FuriousRamsayBlackShieldDecoyPlate"/>
			<property name="PlantGrowing.GrowOnTop" value="FuriousRamsayBlackShieldDecoySpawnerTier3" />
			<property name="PlantGrowing.FertileLevel" value="0"/>
			<property name="PlantGrowing.GrowthRate" value="0.01"/>
			<property name="PlantGrowing.IsRandom" value="false"/>
			<property name="PlantGrowing.LightLevelStay" value="0"/>
		</block>	
		
		<block name="FuriousRamsayBlackShieldDecoySpawnerTier3">
			<property name="CreativeMode" value="None"/>
			<property name="Material" value="FuriousRamsaySpawnerMaterials"/>
			<property name="Extends" value="spawnTrader"/>
			<property name="Shape" value="ModelEntity"/>			
			<property name="Model" value="Entities/Decor/cobwebPrefab"/>	
			<drop event="Fall" count="0" prob="0"/>		
			<property name="SpawnClass" value="FuriousRamsayBlackShieldDecoyTier3"/>
		</block>

		<block name="FuriousRamsayBlackShieldDecoyTier4">
			<property name="CreativeMode" value="None"/>
			<property name="Extends" value="decoMannequinFemale"/>
		
			<property name="Shape" value="New"/>
			<property name="Model" value="plate"/>
			<property name="Material" value="Mmetal_weak"/>
			<property name="Mesh" value="transparent"/>
			<property name="Texture" value="285"/>
			<property name="StabilitySupport" value="true"/>
			<property name="Class" value="PlantGrowing"/>
			<property name="PlantGrowing.IsGrowOnTopEnabled" value="true"/>
			<property name="PlantGrowing.Next" value="FuriousRamsayBlackShieldDecoyPlate"/>
			<property name="PlantGrowing.GrowOnTop" value="FuriousRamsayBlackShieldDecoySpawnerTier4" />
			<property name="PlantGrowing.FertileLevel" value="0"/>
			<property name="PlantGrowing.GrowthRate" value="0.01"/>
			<property name="PlantGrowing.IsRandom" value="false"/>
			<property name="PlantGrowing.LightLevelStay" value="0"/>
		</block>	
		
		<block name="FuriousRamsayBlackShieldDecoySpawnerTier4">
			<property name="CreativeMode" value="None"/>
			<property name="Material" value="FuriousRamsaySpawnerMaterials"/>
			<property name="Extends" value="spawnTrader"/>
			<property name="Shape" value="ModelEntity"/>			
			<property name="Model" value="Entities/Decor/cobwebPrefab"/>	
			<drop event="Fall" count="0" prob="0"/>		
			<property name="SpawnClass" value="FuriousRamsayBlackShieldDecoyTier4"/>
		</block>

		<block name="FuriousRamsayBlackShieldDecoyTier5">
			<property name="CreativeMode" value="None"/>
			<property name="Extends" value="decoMannequinFemale"/>
		
			<property name="Shape" value="New"/>
			<property name="Model" value="plate"/>
			<property name="Material" value="Mmetal_weak"/>
			<property name="Mesh" value="transparent"/>
			<property name="Texture" value="285"/>
			<property name="StabilitySupport" value="true"/>
			<property name="Class" value="PlantGrowing"/>
			<property name="PlantGrowing.IsGrowOnTopEnabled" value="true"/>
			<property name="PlantGrowing.Next" value="FuriousRamsayBlackShieldDecoyPlate"/>
			<property name="PlantGrowing.GrowOnTop" value="FuriousRamsayBlackShieldDecoySpawnerTier5" />
			<property name="PlantGrowing.FertileLevel" value="0"/>
			<property name="PlantGrowing.GrowthRate" value="0.01"/>
			<property name="PlantGrowing.IsRandom" value="false"/>
			<property name="PlantGrowing.LightLevelStay" value="0"/>
		</block>	
		
		<block name="FuriousRamsayBlackShieldDecoySpawnerTier5">
			<property name="CreativeMode" value="None"/>
			<property name="Material" value="FuriousRamsaySpawnerMaterials"/>
			<property name="Extends" value="spawnTrader"/>
			<property name="Shape" value="ModelEntity"/>			
			<property name="Model" value="Entities/Decor/cobwebPrefab"/>	
			<drop event="Fall" count="0" prob="0"/>		
			<property name="SpawnClass" value="FuriousRamsayBlackShieldDecoyTier5"/>
		</block>

		<!--<block name="FuriousRamsayTimedChargeBox">
			<property name="CreativeMode" value="None"/>
			<property name="Extends" value="cntTrashPile01"/>
			<property name="Model" value="#Entities/LootContainers?trashPileFPrefab.prefab"/>
			<drop event="Destroy" count="0"/>
			<property name="MaxDamage" value="50"/>
			<property name="DowngradeBlock" value="FuriousRamsayActiveTimedCharge"/>
			<property class="UpgradeBlock">
				<property name="ToBlock" value="FuriousRamsayActiveTimedCharge"/>
				<property name="Item" value="resourceElectricParts"/>
				<property name="ItemCount" value="1"/>
				<property name="UpgradeHitCount" value="1"/>
			</property>
		</block>

		<block name="FuriousRamsayActiveTimedCharge">
			<property name="CreativeMode" value="None"/>
			<property name="Class" value="Mine"/>
			<property name="Tags" value="Mine"/>
			<property name="ItemTypeIcon" value="explosion"/>
			<property name="Material" value="MLandMine"/>
			<property name="Texture" value="293"/>
			<property name="Shape" value="ModelEntity"/>
			<property name="Model" value="#Other/Items?Weapons/Ranged/TimedCharge/timedCharge.prefab"/> 
			<property name="Model" value="#Other/Items?Weapons/Ranged/TimedCharge/timedChargePrefab.prefab"/>
			<property name="ModelOffset" value="0,-0.02,0"/>
			<property name="Collide" value="movement, melee"/>
			<property name="Stacknumber" value="25"/>
			<property name="MaxDamage" value="100"/>
			<property name="TriggerDelay" value="10"/>
			<property name="TriggerSound" value="charge_beep"/>
			<property name="Explosion.ParticleIndex" value="5"/>
			<property name="Explosion.RadiusBlocks" value="20"/>
			<property name="Explosion.RadiusEntities" value="10"/>
			<property name="Explosion.BlockDamage" value="20000"/>
			<property name="Explosion.EntityDamage" value="500"/>
			<property name="Explosion.DamageBonus.stone" value="20000"/>
			<property name="Explosion.DamageBonus.metal" value="20000"/>
			<property name="Explosion.DamageBonus.earth" value="20000"/>
			<property name="Explosion.DamageBonus.wood" value="20000"/>
			<property name="Explosion.DamageBonus.water" value="20000"/>
			<property name="CanPickup" value="false"/>
			<drop event="Destroy" count="0"/>
			<property name="Group" value="Tools/Traps"/>
			<property name="EconomicValue" value="97"/>
			<property name="FilterTags" value="fdecor,ftraps"/>
			<property name="SortOrder1" value="70g0"/>
			<property name="BuffsWhenWalkedOn" value="FuriousRamsayExplosiveDamageTimer"/>
			<property name="Explosion.Buff" value="buffBurningMolotov"/>
			<property class="RepairItems">
				<property name="resourceElectricParts" value="1"/>
			</property>
		</block>-->

		<block name="cntFuriousRamsayBuriedChest">
			<property name="Extends" value="cntLootChestHeroInsecure" param1="DescriptionKey"/>
			<property name="MaxDamage" value="999999"/>
			<property name="Shape" value="ModelEntity"/>
			<property name="Model" value="#Entities/LootContainers?super_chestPrefab.prefab"/>
			<property name="ModelOffset" value=".5,.5,0"/>
			<property name="MultiBlockDim" value="2,1,1"/>
			<property name="CustomIcon" value="cntLootChestHero"/>
			<property name="CustomIconTint" value="80ff80"/>
			<property name="Class" value="QuestLoot"/>
			<property name="LootList" value="102"/>
			<property name="CreativeMode" value="Dev"/>
			<property name="Tags" value="buriedTreasure"/>
		</block>

	</append>

</Config>