<Config>

	<append xpath="/entitygroups">

		<entitygroup name="FuriousRamsayBlackShieldTraders">
			<entity name="zombieBoe"/>
			<entity name="zombieJoe"/>
			<entity name="zombieSteve"/>
			<entity name="zombieMoe"/>
			<entity name="zombieYo"/>
			<entity name="zombieBusinessMan"/>
			<entity name="zombieArlene"/>
			<entity name="zombieDarlene"/>
			<entity name="zombieMarlene"/>
			<entity name="zombieSkateboarder"/>
			<entity name="FuriousRamsayNPCBlackShieldTrader1" prob="0.025"/>
			<entity name="FuriousRamsayNPCFarmerKatieTrader" prob="0.015"/>
			<entity name="FuriousRamsayNPCHandymanLukeTrader" prob="0.015"/>
		</entitygroup>
		
	</append>
		
</Config>	