<Configs>

	<append xpath="/materials">		

		<material id="FuriousRamsayFireZombieBonePowderMaterial">
			<property name="damage_category" value="metal"/>
			<property name="surface_category" value="metal"/>
			<property name="forge_category" value="FuriousRamsayFireZombieBonePowder"/>
			<property name="Hardness" type="float" value="1"/>
			<property name="Experience" value="4"/>
		</material>

		<material id="FuriousRamsayShockZombieBonePowderMaterial">
			<property name="damage_category" value="metal"/>
			<property name="surface_category" value="metal"/>
			<property name="forge_category" value="FuriousRamsayShockZombieBonePowder"/>
			<property name="Hardness" type="float" value="1"/>
			<property name="Experience" value="4"/>
		</material>

		<material id="FuriousRamsayFireShockZombieBonePowderMaterial">
			<property name="damage_category" value="metal"/>
			<property name="surface_category" value="metal"/>
			<property name="forge_category" value="FuriousRamsayFireShockZombieBonePowder"/>
			<property name="Hardness" type="float" value="1"/>
			<property name="Experience" value="4"/>
		</material>

		<material id="FuriousRamsaySmokeZombieBonePowderMaterial">
			<property name="damage_category" value="metal"/>
			<property name="surface_category" value="metal"/>
			<property name="forge_category" value="FuriousRamsaySmokeZombieBonePowder"/>
			<property name="Hardness" type="float" value="1"/>
			<property name="Experience" value="4"/>
		</material>

		<material id="FuriousRamsayFireShockSmokeZombieBonePowderMaterial">
			<property name="damage_category" value="metal"/>
			<property name="surface_category" value="metal"/>
			<property name="forge_category" value="FuriousRamsayFireShockSmokeZombieBonePowder"/>
			<property name="Hardness" type="float" value="1"/>
			<property name="Experience" value="4"/>
		</material>

		<material id="FuriousRamsaySpawnerMaterials">
			<property name="damage_category" value="earth"/>
			<property name="surface_category" value="plant"/>
			<property name="particle_destroy_category" value="xt_leaves2"/>
			<property name="Hardness" type="float" value="1"/>
			<property name="stepsound" value="tree"/>
			<property name="lightopacity" value="5"/>
			<property name="stability_glue" value="0"/>
			<property name="Mass" type="int" value="1"/>
			<property name="plant" value="true"/>
			<property name="StabilitySupport" value="false"/>
			<property name="MaxDamage" value="1"/>
		</material>
		
		<!--<material id="FuriousRamsaySpawnerMaterials">
			<property name="damage_category" value="cloth"/>
			<property name="surface_category" value="cloth"/>
			<property name="particle_destroy_category" value="cloth"/>
			<property name="Hardness" type="float" value="1"/>
			<property name="stepsound" value="cloth"/>
			<property name="lightopacity" value="5"/>
			<property name="stability_glue" value="0"/>
			<property name="Mass" type="int" value="1"/>
			<property name="plant" value="false"/>
			<property name="StabilitySupport" value="false"/>
			<property name="MaxDamage" value="1"/>
		</material>-->

	</append>

</Configs>