<Config>

	<append xpath="/vehicles">
		
		<append xpath="vehicles/vehicle[@name='vehicleBicycle']">
			<property class="seat1">
				<property name="position" value="0, .392, -.63"/>
				<property name="rotation" value="0, 0, 0"/>
				<property name="exit" value=".8,0,0 ~ -.8,0,0 ~ 0,0,1.4 ~ 0,0,-1.4 ~ 0,-1.5,0"/>
			</property>
		</append>
	
		<append xpath="vehicles/vehicle[@name='vehicle4x4Truck']">
			<property class="seat2">
				<property name="position" value="-.4, .56, -2.46"/>
				<property name="rotation" value="-25, 180, 0"/>
				<property name="exit" value="-1.6,0,0 ~ 1.6,0,-1 ~ -.4,0,-2.8 ~ -.4,0,2.6 ~ -.4,2.1,0"/>
			</property>
		</append>

		<append xpath="vehicles/vehicle[@name='vehicle4x4Truck']">
			<property class="seat3">
				<property name="position" value=".4, .56, -2.46"/>
				<property name="rotation" value="-25, 180, 0"/>
				<property name="exit" value="1.6,0,0 ~ -1.6,0,-1 ~ .4,0,-2.8 ~ .4,0,2.6 ~ .4,2.1,0"/>
			</property>
		</append>
	
		<append xpath="vehicles/vehicle[@name='vehicleMotorcycle']">
			<property class="seat1">
				<property name="position" value="0, 0.14, -.498"/>
				<property name="rotation" value="0, 0, 0"/>
				<property name="exit" value="-.9,0,0 ~ .9,0,0 ~ 0,0,-1.5 ~ 0,0,1.6 ~ 0,1.5,0"/>
			</property>
		</append>

		<vehicle name="FuriousRamsayBlackShieldWhiteCar">
			<property name="cameraDistance" value="5.5, 7"/>
			<property name="cameraTurnRate" value=".2, .35"/>
			<property name="motorTorqueMinQ" value="10000"/>
			<property name="motorTorqueMaxQ" value="10000"/>
			<property name="brakeTorque" value="5000"/>
			<property name="upAngleMax" value="70"/>
			<property name="upForce" value="2"/>
			<property name="steerRate" value="130"/>
			<property name="steerCenteringRate" value="90"/>
			<property name="tiltAngleMax" value="80"/>
			<property name="tiltThreshold" value="3"/>
			<property name="tiltDampening" value=".22"/>
			<property name="tiltDampenThreshold" value="8"/>
			<property name="tiltUpForce" value="0"/>
			<property name="unstickForce" value="1"/>
			<property name="velocityMax" value="10, 20"/>
			<property name="waterDrag_y_velScale_velMaxScale" value="1.8, .9, .1"/>
			<property name="wheelPtlScale" value="1"/>

			<property name="hornSound" value="FuriousRamsayHonk"/>

			<property class="battery">
				<property name="class" value="Battery"/>
				<property name="slot_type" value="battery"/>
				<property name="mesh" value="battery"/>
				<property name="transform" value="battery"/>
			</property>

			<property class="chassis">
				<property name="class" value="Chassis"/>
				<property name="display_name" value="chassis"/>
				<property name="slot_type" value="chassis"/>
				<property name="mesh" value="chassis"/>
				<property name="transform" value="Origin"/>
				<property name="paint" value="car_mesh"/>
			</property>

			<property class="engine">
				<property name="class" value="Engine"/>
				<property name="slot_type" value="engine"/>
				<property name="mesh" value="engine_small"/>
				<property name="transform" value="engine_small"/>
				<property name="particle_transform" value="engine_small/MinibikeParticles/p_engine_fire"/>
				<property name="fuelKmPerL" value=".1"/>
				<property name="foodDrain" value=".002,.00811"/><!-- driving/turbo, truck -->
				<property name="gear1" value="
									500,2500, -1400,800,0, 700,2200,900,
									FuriousRamsayCarAccel1,
									FuriousRamsayCarSecel1,
									0, .7, 1, .1, -9, .12, .1, Vehicles/Suv/suv_idle_lp,
									-.4, -.02, .7, .7, -.2, 9, .2, FuriousRamsayCarSpeed_lp
									"/>
				<property name="gear2" value="
									500,2500, -2000,1000,2000, 600,2200,800,
									FuriousRamsayCarAccel2,
									FuriousRamsayCarDecel1,
									-.25, -.05, .2, .4, -1, 1, .1, FuriousRamsayCarSpeed_lp
									"/>
				<property name="gear3" value="
									500,2500, -2000,1000,2000, 500,2200,1000,
									FuriousRamsayCarAccel3,
									FuriousRamsayCarDecel2,
									-.28, -.07, .3, .6, -1, 1, .1, VFuriousRamsayCarSpeed_lp
									"/>
				<property name="gear4" value="
									500,2500, -2000,1000,2000, 500,9999,9999,
									,
									FuriousRamsayCarDecel2,
									-.31, -.08, .6, .9, -1, 1, .1, FuriousRamsayCarSpeed_lp
									"/>
				<property name="sound_start" value="Vehicles/Suv/suv_startup"/>
				<property name="sound_shut_off" value="Vehicles/Suv/suv_shutoff"/>
				<property name="sound_no_fuel_shut_off" value="Vehicles/Motorbike/motorbike_empty"/>
			</property>

			<property class="fuelTank">
				<property name="class" value="FuelTank"/>
				<property name="capacity" value="300"/>
			</property>

			<property class="handlebars">
				<property name="class" value="Steering"/>
				<property name="slot_type" value="handlebars"/>
				<property name="transform" value="Origin/steering_joint"/>
				<property name="steerMaxAngle" value="60"/>
				<property name="IKHandLPosition" value="-.054, -6, -1.0735"/>
				<property name="IKHandLRotation" value="37.55, -13.433, 49.88"/>
				<property name="IKHandRPosition" value="-.646, -14.10002, -1.75735"/>
				<property name="IKHandRRotation" value="37.55, 13.433, -49.88"/>
			</property>

			<property class="seat0">
				<property name="position" value="-.4, -0.2,-0.4"/>
				<property name="rotation" value="-25, 0, 0"/>
				<property name="exit" value="-1.6,0,0 ~ 1.6,0,-1 ~ -.4,0,-2.8 ~ -.4,0,2.6 ~ -.4,2.1,0"/>
			</property>

			<property class="seat1">
				<property name="position" value=".4, -0.2, -0.4"/>
				<property name="rotation" value="-25, 0, 0"/>
				<property name="exit" value="1.6,0,0 ~ -1.6,0,-1 ~ .4,0,-2.8 ~ .4,0,2.6 ~ .4,2.1,0"/>
			</property>
		
			<property class="seat2">
				<property name="position" value="-.4, -0.2,-1.3"/>
				<property name="rotation" value="-25, 0, 0"/>
				<property name="exit" value="1.6,0,0 ~ -1.6,0,-1 ~ .4,0,-2.8 ~ .4,0,2.6 ~ .4,2.1,0"/>
			</property>
		
			<property class="seat3">
				<property name="position" value=".4, -0.2,-1.3"/>
				<property name="rotation" value="-25, 0, 0"/>
				<property name="exit" value="1.6,0,0 ~ -1.6,0,-1 ~ .4,0,-2.8 ~ .4,0,2.6 ~ .4,2.1,0"/>
			</property>

			<property class="wheel0">
				<property name="steerTransform" value="Origin/frontLeftWheelStear_joint"/>
				<property name="tireTransform" value="Origin/frontLeftWheelStear_joint/frontLeftWheel_joint"/>
				<property name="tireSuspensionPercent" value="1"/>
				<property name="torqueScale_motor_brake" value="1, .8"/>
			</property>

			<property class="wheel1">
				<property name="steerTransform" value="Origin/frontRightWheelStear_joint"/>
				<property name="tireTransform" value="Origin/frontRightWheelStear_joint/frontRightWheel_joint"/>
				<property name="tireSuspensionPercent" value="1"/>
				<property name="torqueScale_motor_brake" value="1, .8"/>
			</property>

			<property class="wheel2">
				<property name="tireTransform" value="Origin/backLeftWheelJoint"/>
				<property name="tireSuspensionPercent" value="1"/>
				<property name="torqueScale_motor_brake" value="1, 1"/>
			</property>

			<property class="wheel3">
				<property name="tireTransform" value="Origin/backRightWheelJoint"/>
				<property name="tireSuspensionPercent" value="1"/>
				<property name="torqueScale_motor_brake" value="1, 1"/>
			</property>

			<property class="headlight">
				<property name="class" value="Headlight"/>
				<property name="transform" value="Origin/headlight"/>
				<property name="bright" value=".9"/>
			</property>

			<property class="storage">
				<property name="class" value="Storage"/>
				<property name="display_name" value="basket"/>
				<property name="slot_type" value="basket"/>
				<property name="mesh" value="basket"/>
				<property name="transform" value="basket"/>
			</property>
		</vehicle>

		<vehicle name="FuriousRamsayBlackShieldBlueCar">
			<property name="cameraDistance" value="5.5, 7"/>
			<property name="cameraTurnRate" value=".2, .35"/>
			<property name="motorTorqueMinQ" value="10000"/>
			<property name="motorTorqueMaxQ" value="10000"/>
			<property name="brakeTorque" value="5000"/>
			<property name="upAngleMax" value="70"/>
			<property name="upForce" value="2"/>
			<property name="steerRate" value="130"/>
			<property name="steerCenteringRate" value="90"/>
			<property name="tiltAngleMax" value="80"/>
			<property name="tiltThreshold" value="3"/>
			<property name="tiltDampening" value=".22"/>
			<property name="tiltDampenThreshold" value="8"/>
			<property name="tiltUpForce" value="0"/>
			<property name="unstickForce" value="1"/>
			<property name="velocityMax" value="10, 20"/>
			<property name="waterDrag_y_velScale_velMaxScale" value="1.8, .9, .1"/>
			<property name="wheelPtlScale" value="1"/>

			<property name="hornSound" value="FuriousRamsayHonk"/>

			<property class="battery">
				<property name="class" value="Battery"/>
				<property name="slot_type" value="battery"/>
				<property name="mesh" value="battery"/>
				<property name="transform" value="battery"/>
			</property>

			<property class="chassis">
				<property name="class" value="Chassis"/>
				<property name="display_name" value="chassis"/>
				<property name="slot_type" value="chassis"/>
				<property name="mesh" value="chassis"/>
				<property name="transform" value="Origin"/>
				<property name="paint" value="car_mesh"/>
			</property>

			<property class="engine">
				<property name="class" value="Engine"/>
				<property name="slot_type" value="engine"/>
				<property name="mesh" value="engine_small"/>
				<property name="transform" value="engine_small"/>
				<property name="particle_transform" value="engine_small/MinibikeParticles/p_engine_fire"/>
				<property name="fuelKmPerL" value=".1"/>
				<property name="foodDrain" value=".002,.00811"/><!-- driving/turbo, truck -->
				<property name="gear1" value="
									500,2500, -1400,800,0, 700,2200,900,
									FuriousRamsayCarAccel1,
									FuriousRamsayCarSecel1,
									0, .7, 1, .1, -9, .12, .1, Vehicles/Suv/suv_idle_lp,
									-.4, -.02, .7, .7, -.2, 9, .2, FuriousRamsayCarSpeed_lp
									"/>
				<property name="gear2" value="
									500,2500, -2000,1000,2000, 600,2200,800,
									FuriousRamsayCarAccel2,
									FuriousRamsayCarDecel1,
									-.25, -.05, .2, .4, -1, 1, .1, FuriousRamsayCarSpeed_lp
									"/>
				<property name="gear3" value="
									500,2500, -2000,1000,2000, 500,2200,1000,
									FuriousRamsayCarAccel3,
									FuriousRamsayCarDecel2,
									-.28, -.07, .3, .6, -1, 1, .1, VFuriousRamsayCarSpeed_lp
									"/>
				<property name="gear4" value="
									500,2500, -2000,1000,2000, 500,9999,9999,
									,
									FuriousRamsayCarDecel2,
									-.31, -.08, .6, .9, -1, 1, .1, FuriousRamsayCarSpeed_lp
									"/>
				<property name="sound_start" value="Vehicles/Suv/suv_startup"/>
				<property name="sound_shut_off" value="Vehicles/Suv/suv_shutoff"/>
				<property name="sound_no_fuel_shut_off" value="Vehicles/Motorbike/motorbike_empty"/>
			</property>

			<property class="fuelTank">
				<property name="class" value="FuelTank"/>
				<property name="capacity" value="300"/>
			</property>

			<property class="handlebars">
				<property name="class" value="Steering"/>
				<property name="slot_type" value="handlebars"/>
				<property name="transform" value="Origin/steering_joint"/>
				<property name="steerMaxAngle" value="60"/>
				<property name="IKHandLPosition" value="-.054, -6, -1.0735"/>
				<property name="IKHandLRotation" value="37.55, -13.433, 49.88"/>
				<property name="IKHandRPosition" value="-.646, -14.10002, -1.75735"/>
				<property name="IKHandRRotation" value="37.55, 13.433, -49.88"/>
			</property>

			<property class="seat0">
				<property name="position" value="-.4, -0.2,-0.4"/>
				<property name="rotation" value="-25, 0, 0"/>
				<property name="exit" value="-1.6,0,0 ~ 1.6,0,-1 ~ -.4,0,-2.8 ~ -.4,0,2.6 ~ -.4,2.1,0"/>
			</property>

			<property class="seat1">
				<property name="position" value=".4, -0.2, -0.4"/>
				<property name="rotation" value="-25, 0, 0"/>
				<property name="exit" value="1.6,0,0 ~ -1.6,0,-1 ~ .4,0,-2.8 ~ .4,0,2.6 ~ .4,2.1,0"/>
			</property>
		
			<property class="seat2">
				<property name="position" value="-.4, -0.2,-1.3"/>
				<property name="rotation" value="-25, 0, 0"/>
				<property name="exit" value="1.6,0,0 ~ -1.6,0,-1 ~ .4,0,-2.8 ~ .4,0,2.6 ~ .4,2.1,0"/>
			</property>
		
			<property class="seat3">
				<property name="position" value=".4, -0.2,-1.3"/>
				<property name="rotation" value="-25, 0, 0"/>
				<property name="exit" value="1.6,0,0 ~ -1.6,0,-1 ~ .4,0,-2.8 ~ .4,0,2.6 ~ .4,2.1,0"/>
			</property>

			<property class="wheel0">
				<property name="steerTransform" value="Origin/frontLeftWheelStear_joint"/>
				<property name="tireTransform" value="Origin/frontLeftWheelStear_joint/frontLeftWheel_joint"/>
				<property name="tireSuspensionPercent" value="1"/>
				<property name="torqueScale_motor_brake" value="1, .8"/>
			</property>

			<property class="wheel1">
				<property name="steerTransform" value="Origin/frontRightWheelStear_joint"/>
				<property name="tireTransform" value="Origin/frontRightWheelStear_joint/frontRightWheel_joint"/>
				<property name="tireSuspensionPercent" value="1"/>
				<property name="torqueScale_motor_brake" value="1, .8"/>
			</property>

			<property class="wheel2">
				<property name="tireTransform" value="Origin/backLeftWheelJoint"/>
				<property name="tireSuspensionPercent" value="1"/>
				<property name="torqueScale_motor_brake" value="1, 1"/>
			</property>

			<property class="wheel3">
				<property name="tireTransform" value="Origin/backRightWheelJoint"/>
				<property name="tireSuspensionPercent" value="1"/>
				<property name="torqueScale_motor_brake" value="1, 1"/>
			</property>

			<property class="headlight">
				<property name="class" value="Headlight"/>
				<property name="transform" value="Origin/headlight"/>
				<property name="bright" value=".9"/>
			</property>

			<property class="storage">
				<property name="class" value="Storage"/>
				<property name="display_name" value="basket"/>
				<property name="slot_type" value="basket"/>
				<property name="mesh" value="basket"/>
				<property name="transform" value="basket"/>
			</property>
		</vehicle>

		<vehicle name="FuriousRamsayBlackShieldYellowCar">
			<property name="cameraDistance" value="5.5, 7"/>
			<property name="cameraTurnRate" value=".2, .35"/>
			<property name="motorTorqueMinQ" value="10000"/>
			<property name="motorTorqueMaxQ" value="10000"/>
			<property name="brakeTorque" value="5000"/>
			<property name="upAngleMax" value="70"/>
			<property name="upForce" value="2"/>
			<property name="steerRate" value="130"/>
			<property name="steerCenteringRate" value="90"/>
			<property name="tiltAngleMax" value="80"/>
			<property name="tiltThreshold" value="3"/>
			<property name="tiltDampening" value=".22"/>
			<property name="tiltDampenThreshold" value="8"/>
			<property name="tiltUpForce" value="0"/>
			<property name="unstickForce" value="1"/>
			<property name="velocityMax" value="10, 20"/>
			<property name="waterDrag_y_velScale_velMaxScale" value="1.8, .9, .1"/>
			<property name="wheelPtlScale" value="1"/>

			<property name="hornSound" value="FuriousRamsayHonk"/>

			<property class="battery">
				<property name="class" value="Battery"/>
				<property name="slot_type" value="battery"/>
				<property name="mesh" value="battery"/>
				<property name="transform" value="battery"/>
			</property>

			<property class="chassis">
				<property name="class" value="Chassis"/>
				<property name="display_name" value="chassis"/>
				<property name="slot_type" value="chassis"/>
				<property name="mesh" value="chassis"/>
				<property name="transform" value="Origin"/>
				<property name="paint" value="car_mesh"/>
			</property>

			<property class="engine">
				<property name="class" value="Engine"/>
				<property name="slot_type" value="engine"/>
				<property name="mesh" value="engine_small"/>
				<property name="transform" value="engine_small"/>
				<property name="particle_transform" value="engine_small/MinibikeParticles/p_engine_fire"/>
				<property name="fuelKmPerL" value=".1"/>
				<property name="foodDrain" value=".002,.00811"/><!-- driving/turbo, truck -->
				<property name="gear1" value="
									500,2500, -1400,800,0, 700,2200,900,
									FuriousRamsayCarAccel1,
									FuriousRamsayCarSecel1,
									0, .7, 1, .1, -9, .12, .1, Vehicles/Suv/suv_idle_lp,
									-.4, -.02, .7, .7, -.2, 9, .2, FuriousRamsayCarSpeed_lp
									"/>
				<property name="gear2" value="
									500,2500, -2000,1000,2000, 600,2200,800,
									FuriousRamsayCarAccel2,
									FuriousRamsayCarDecel1,
									-.25, -.05, .2, .4, -1, 1, .1, FuriousRamsayCarSpeed_lp
									"/>
				<property name="gear3" value="
									500,2500, -2000,1000,2000, 500,2200,1000,
									FuriousRamsayCarAccel3,
									FuriousRamsayCarDecel2,
									-.28, -.07, .3, .6, -1, 1, .1, VFuriousRamsayCarSpeed_lp
									"/>
				<property name="gear4" value="
									500,2500, -2000,1000,2000, 500,9999,9999,
									,
									FuriousRamsayCarDecel2,
									-.31, -.08, .6, .9, -1, 1, .1, FuriousRamsayCarSpeed_lp
									"/>
				<property name="sound_start" value="Vehicles/Suv/suv_startup"/>
				<property name="sound_shut_off" value="Vehicles/Suv/suv_shutoff"/>
				<property name="sound_no_fuel_shut_off" value="Vehicles/Motorbike/motorbike_empty"/>
			</property>

			<property class="fuelTank">
				<property name="class" value="FuelTank"/>
				<property name="capacity" value="300"/>
			</property>

			<property class="handlebars">
				<property name="class" value="Steering"/>
				<property name="slot_type" value="handlebars"/>
				<property name="transform" value="Origin/steering_joint"/>
				<property name="steerMaxAngle" value="60"/>
				<property name="IKHandLPosition" value="-.054, -6, -1.0735"/>
				<property name="IKHandLRotation" value="37.55, -13.433, 49.88"/>
				<property name="IKHandRPosition" value="-.646, -14.10002, -1.75735"/>
				<property name="IKHandRRotation" value="37.55, 13.433, -49.88"/>
			</property>

			<property class="seat0">
				<property name="position" value="-.4, -0.2,-0.4"/>
				<property name="rotation" value="-25, 0, 0"/>
				<property name="exit" value="-1.6,0,0 ~ 1.6,0,-1 ~ -.4,0,-2.8 ~ -.4,0,2.6 ~ -.4,2.1,0"/>
			</property>

			<property class="seat1">
				<property name="position" value=".4, -0.2, -0.4"/>
				<property name="rotation" value="-25, 0, 0"/>
				<property name="exit" value="1.6,0,0 ~ -1.6,0,-1 ~ .4,0,-2.8 ~ .4,0,2.6 ~ .4,2.1,0"/>
			</property>
		
			<property class="seat2">
				<property name="position" value="-.4, -0.2,-1.3"/>
				<property name="rotation" value="-25, 0, 0"/>
				<property name="exit" value="1.6,0,0 ~ -1.6,0,-1 ~ .4,0,-2.8 ~ .4,0,2.6 ~ .4,2.1,0"/>
			</property>
		
			<property class="seat3">
				<property name="position" value=".4, -0.2,-1.3"/>
				<property name="rotation" value="-25, 0, 0"/>
				<property name="exit" value="1.6,0,0 ~ -1.6,0,-1 ~ .4,0,-2.8 ~ .4,0,2.6 ~ .4,2.1,0"/>
			</property>

			<property class="wheel0">
				<property name="steerTransform" value="Origin/frontLeftWheelStear_joint"/>
				<property name="tireTransform" value="Origin/frontLeftWheelStear_joint/frontLeftWheel_joint"/>
				<property name="tireSuspensionPercent" value="1"/>
				<property name="torqueScale_motor_brake" value="1, .8"/>
			</property>

			<property class="wheel1">
				<property name="steerTransform" value="Origin/frontRightWheelStear_joint"/>
				<property name="tireTransform" value="Origin/frontRightWheelStear_joint/frontRightWheel_joint"/>
				<property name="tireSuspensionPercent" value="1"/>
				<property name="torqueScale_motor_brake" value="1, .8"/>
			</property>

			<property class="wheel2">
				<property name="tireTransform" value="Origin/backLeftWheelJoint"/>
				<property name="tireSuspensionPercent" value="1"/>
				<property name="torqueScale_motor_brake" value="1, 1"/>
			</property>

			<property class="wheel3">
				<property name="tireTransform" value="Origin/backRightWheelJoint"/>
				<property name="tireSuspensionPercent" value="1"/>
				<property name="torqueScale_motor_brake" value="1, 1"/>
			</property>

			<property class="headlight">
				<property name="class" value="Headlight"/>
				<property name="transform" value="Origin/headlight"/>
				<property name="bright" value=".9"/>
			</property>

			<property class="storage">
				<property name="class" value="Storage"/>
				<property name="display_name" value="basket"/>
				<property name="slot_type" value="basket"/>
				<property name="mesh" value="basket"/>
				<property name="transform" value="basket"/>
			</property>
		</vehicle>

		<vehicle name="FuriousRamsayBlackShieldRedCar">
			<property name="cameraDistance" value="5.5, 7"/>
			<property name="cameraTurnRate" value=".2, .35"/>
			<property name="motorTorqueMinQ" value="10000"/>
			<property name="motorTorqueMaxQ" value="10000"/>
			<property name="brakeTorque" value="5000"/>
			<property name="upAngleMax" value="70"/>
			<property name="upForce" value="2"/>
			<property name="steerRate" value="130"/>
			<property name="steerCenteringRate" value="90"/>
			<property name="tiltAngleMax" value="80"/>
			<property name="tiltThreshold" value="3"/>
			<property name="tiltDampening" value=".22"/>
			<property name="tiltDampenThreshold" value="8"/>
			<property name="tiltUpForce" value="0"/>
			<property name="unstickForce" value="1"/>
			<property name="velocityMax" value="10, 20"/>
			<property name="waterDrag_y_velScale_velMaxScale" value="1.8, .9, .1"/>
			<property name="wheelPtlScale" value="1"/>

			<property name="hornSound" value="FuriousRamsayHonk"/>

			<property class="battery">
				<property name="class" value="Battery"/>
				<property name="slot_type" value="battery"/>
				<property name="mesh" value="battery"/>
				<property name="transform" value="battery"/>
			</property>

			<property class="chassis">
				<property name="class" value="Chassis"/>
				<property name="display_name" value="chassis"/>
				<property name="slot_type" value="chassis"/>
				<property name="mesh" value="chassis"/>
				<property name="transform" value="Origin"/>
				<property name="paint" value="car_mesh"/>
			</property>

			<property class="engine">
				<property name="class" value="Engine"/>
				<property name="slot_type" value="engine"/>
				<property name="mesh" value="engine_small"/>
				<property name="transform" value="engine_small"/>
				<property name="particle_transform" value="engine_small/MinibikeParticles/p_engine_fire"/>
				<property name="fuelKmPerL" value=".1"/>
				<property name="foodDrain" value=".002,.00811"/><!-- driving/turbo, truck -->
				<property name="gear1" value="
									500,2500, -1400,800,0, 700,2200,900,
									FuriousRamsayCarAccel1,
									FuriousRamsayCarSecel1,
									0, .7, 1, .1, -9, .12, .1, Vehicles/Suv/suv_idle_lp,
									-.4, -.02, .7, .7, -.2, 9, .2, FuriousRamsayCarSpeed_lp
									"/>
				<property name="gear2" value="
									500,2500, -2000,1000,2000, 600,2200,800,
									FuriousRamsayCarAccel2,
									FuriousRamsayCarDecel1,
									-.25, -.05, .2, .4, -1, 1, .1, FuriousRamsayCarSpeed_lp
									"/>
				<property name="gear3" value="
									500,2500, -2000,1000,2000, 500,2200,1000,
									FuriousRamsayCarAccel3,
									FuriousRamsayCarDecel2,
									-.28, -.07, .3, .6, -1, 1, .1, VFuriousRamsayCarSpeed_lp
									"/>
				<property name="gear4" value="
									500,2500, -2000,1000,2000, 500,9999,9999,
									,
									FuriousRamsayCarDecel2,
									-.31, -.08, .6, .9, -1, 1, .1, FuriousRamsayCarSpeed_lp
									"/>
				<property name="sound_start" value="Vehicles/Suv/suv_startup"/>
				<property name="sound_shut_off" value="Vehicles/Suv/suv_shutoff"/>
				<property name="sound_no_fuel_shut_off" value="Vehicles/Motorbike/motorbike_empty"/>
			</property>

			<property class="fuelTank">
				<property name="class" value="FuelTank"/>
				<property name="capacity" value="300"/>
			</property>

			<property class="handlebars">
				<property name="class" value="Steering"/>
				<property name="slot_type" value="handlebars"/>
				<property name="transform" value="Origin/steering_joint"/>
				<property name="steerMaxAngle" value="60"/>
				<property name="IKHandLPosition" value="-.054, -6, -1.0735"/>
				<property name="IKHandLRotation" value="37.55, -13.433, 49.88"/>
				<property name="IKHandRPosition" value="-.646, -14.10002, -1.75735"/>
				<property name="IKHandRRotation" value="37.55, 13.433, -49.88"/>
			</property>

			<property class="seat0">
				<property name="position" value="-.4, -0.2,-0.4"/>
				<property name="rotation" value="-25, 0, 0"/>
				<property name="exit" value="-1.6,0,0 ~ 1.6,0,-1 ~ -.4,0,-2.8 ~ -.4,0,2.6 ~ -.4,2.1,0"/>
			</property>

			<property class="seat1">
				<property name="position" value=".4, -0.2, -0.4"/>
				<property name="rotation" value="-25, 0, 0"/>
				<property name="exit" value="1.6,0,0 ~ -1.6,0,-1 ~ .4,0,-2.8 ~ .4,0,2.6 ~ .4,2.1,0"/>
			</property>
		
			<property class="seat2">
				<property name="position" value="-.4, -0.2,-1.3"/>
				<property name="rotation" value="-25, 0, 0"/>
				<property name="exit" value="1.6,0,0 ~ -1.6,0,-1 ~ .4,0,-2.8 ~ .4,0,2.6 ~ .4,2.1,0"/>
			</property>
		
			<property class="seat3">
				<property name="position" value=".4, -0.2,-1.3"/>
				<property name="rotation" value="-25, 0, 0"/>
				<property name="exit" value="1.6,0,0 ~ -1.6,0,-1 ~ .4,0,-2.8 ~ .4,0,2.6 ~ .4,2.1,0"/>
			</property>

			<property class="wheel0">
				<property name="steerTransform" value="Origin/frontLeftWheelStear_joint"/>
				<property name="tireTransform" value="Origin/frontLeftWheelStear_joint/frontLeftWheel_joint"/>
				<property name="tireSuspensionPercent" value="1"/>
				<property name="torqueScale_motor_brake" value="1, .8"/>
			</property>

			<property class="wheel1">
				<property name="steerTransform" value="Origin/frontRightWheelStear_joint"/>
				<property name="tireTransform" value="Origin/frontRightWheelStear_joint/frontRightWheel_joint"/>
				<property name="tireSuspensionPercent" value="1"/>
				<property name="torqueScale_motor_brake" value="1, .8"/>
			</property>

			<property class="wheel2">
				<property name="tireTransform" value="Origin/backLeftWheelJoint"/>
				<property name="tireSuspensionPercent" value="1"/>
				<property name="torqueScale_motor_brake" value="1, 1"/>
			</property>

			<property class="wheel3">
				<property name="tireTransform" value="Origin/backRightWheelJoint"/>
				<property name="tireSuspensionPercent" value="1"/>
				<property name="torqueScale_motor_brake" value="1, 1"/>
			</property>

			<property class="headlight">
				<property name="class" value="Headlight"/>
				<property name="transform" value="Origin/headlight"/>
				<property name="bright" value=".9"/>
			</property>

			<property class="storage">
				<property name="class" value="Storage"/>
				<property name="display_name" value="basket"/>
				<property name="slot_type" value="basket"/>
				<property name="mesh" value="basket"/>
				<property name="transform" value="basket"/>
			</property>
		</vehicle>

		<vehicle name="FuriousRamsayBlackShieldMixedCar">
			<property name="cameraDistance" value="5.5, 7"/>
			<property name="cameraTurnRate" value=".2, .35"/>
			<property name="motorTorqueMinQ" value="10000"/>
			<property name="motorTorqueMaxQ" value="10000"/>
			<property name="brakeTorque" value="5000"/>
			<property name="upAngleMax" value="70"/>
			<property name="upForce" value="2"/>
			<property name="steerRate" value="130"/>
			<property name="steerCenteringRate" value="90"/>
			<property name="tiltAngleMax" value="80"/>
			<property name="tiltThreshold" value="3"/>
			<property name="tiltDampening" value=".22"/>
			<property name="tiltDampenThreshold" value="8"/>
			<property name="tiltUpForce" value="0"/>
			<property name="unstickForce" value="1"/>
			<property name="velocityMax" value="10, 20"/>
			<property name="waterDrag_y_velScale_velMaxScale" value="1.8, .9, .1"/>
			<property name="wheelPtlScale" value="1"/>

			<property name="hornSound" value="FuriousRamsayHonk"/>

			<property class="battery">
				<property name="class" value="Battery"/>
				<property name="slot_type" value="battery"/>
				<property name="mesh" value="battery"/>
				<property name="transform" value="battery"/>
			</property>

			<property class="chassis">
				<property name="class" value="Chassis"/>
				<property name="display_name" value="chassis"/>
				<property name="slot_type" value="chassis"/>
				<property name="mesh" value="chassis"/>
				<property name="transform" value="Origin"/>
				<property name="paint" value="car_mesh"/>
			</property>

			<property class="engine">
				<property name="class" value="Engine"/>
				<property name="slot_type" value="engine"/>
				<property name="mesh" value="engine_small"/>
				<property name="transform" value="engine_small"/>
				<property name="particle_transform" value="engine_small/MinibikeParticles/p_engine_fire"/>
				<property name="fuelKmPerL" value=".1"/>
				<property name="foodDrain" value=".002,.00811"/><!-- driving/turbo, truck -->
				<property name="gear1" value="
									500,2500, -1400,800,0, 700,2200,900,
									FuriousRamsayCarAccel1,
									FuriousRamsayCarSecel1,
									0, .7, 1, .1, -9, .12, .1, Vehicles/Suv/suv_idle_lp,
									-.4, -.02, .7, .7, -.2, 9, .2, FuriousRamsayCarSpeed_lp
									"/>
				<property name="gear2" value="
									500,2500, -2000,1000,2000, 600,2200,800,
									FuriousRamsayCarAccel2,
									FuriousRamsayCarDecel1,
									-.25, -.05, .2, .4, -1, 1, .1, FuriousRamsayCarSpeed_lp
									"/>
				<property name="gear3" value="
									500,2500, -2000,1000,2000, 500,2200,1000,
									FuriousRamsayCarAccel3,
									FuriousRamsayCarDecel2,
									-.28, -.07, .3, .6, -1, 1, .1, VFuriousRamsayCarSpeed_lp
									"/>
				<property name="gear4" value="
									500,2500, -2000,1000,2000, 500,9999,9999,
									,
									FuriousRamsayCarDecel2,
									-.31, -.08, .6, .9, -1, 1, .1, FuriousRamsayCarSpeed_lp
									"/>
				<property name="sound_start" value="Vehicles/Suv/suv_startup"/>
				<property name="sound_shut_off" value="Vehicles/Suv/suv_shutoff"/>
				<property name="sound_no_fuel_shut_off" value="Vehicles/Motorbike/motorbike_empty"/>
			</property>

			<property class="fuelTank">
				<property name="class" value="FuelTank"/>
				<property name="capacity" value="300"/>
			</property>

			<property class="handlebars">
				<property name="class" value="Steering"/>
				<property name="slot_type" value="handlebars"/>
				<property name="transform" value="Origin/steering_joint"/>
				<property name="steerMaxAngle" value="60"/>
				<property name="IKHandLPosition" value="-.054, -6, -1.0735"/>
				<property name="IKHandLRotation" value="37.55, -13.433, 49.88"/>
				<property name="IKHandRPosition" value="-.646, -14.10002, -1.75735"/>
				<property name="IKHandRRotation" value="37.55, 13.433, -49.88"/>
			</property>

			<property class="seat0">
				<property name="position" value="-.4, -0.2,-0.4"/>
				<property name="rotation" value="-25, 0, 0"/>
				<property name="exit" value="-1.6,0,0 ~ 1.6,0,-1 ~ -.4,0,-2.8 ~ -.4,0,2.6 ~ -.4,2.1,0"/>
			</property>

			<property class="seat1">
				<property name="position" value=".4, -0.2, -0.4"/>
				<property name="rotation" value="-25, 0, 0"/>
				<property name="exit" value="1.6,0,0 ~ -1.6,0,-1 ~ .4,0,-2.8 ~ .4,0,2.6 ~ .4,2.1,0"/>
			</property>
		
			<property class="seat2">
				<property name="position" value="-.4, -0.2,-1.3"/>
				<property name="rotation" value="-25, 0, 0"/>
				<property name="exit" value="1.6,0,0 ~ -1.6,0,-1 ~ .4,0,-2.8 ~ .4,0,2.6 ~ .4,2.1,0"/>
			</property>
		
			<property class="seat3">
				<property name="position" value=".4, -0.2,-1.3"/>
				<property name="rotation" value="-25, 0, 0"/>
				<property name="exit" value="1.6,0,0 ~ -1.6,0,-1 ~ .4,0,-2.8 ~ .4,0,2.6 ~ .4,2.1,0"/>
			</property>

			<property class="wheel0">
				<property name="steerTransform" value="Origin/frontLeftWheelStear_joint"/>
				<property name="tireTransform" value="Origin/frontLeftWheelStear_joint/frontLeftWheel_joint"/>
				<property name="tireSuspensionPercent" value="1"/>
				<property name="torqueScale_motor_brake" value="1, .8"/>
			</property>

			<property class="wheel1">
				<property name="steerTransform" value="Origin/frontRightWheelStear_joint"/>
				<property name="tireTransform" value="Origin/frontRightWheelStear_joint/frontRightWheel_joint"/>
				<property name="tireSuspensionPercent" value="1"/>
				<property name="torqueScale_motor_brake" value="1, .8"/>
			</property>

			<property class="wheel2">
				<property name="tireTransform" value="Origin/backLeftWheelJoint"/>
				<property name="tireSuspensionPercent" value="1"/>
				<property name="torqueScale_motor_brake" value="1, 1"/>
			</property>

			<property class="wheel3">
				<property name="tireTransform" value="Origin/backRightWheelJoint"/>
				<property name="tireSuspensionPercent" value="1"/>
				<property name="torqueScale_motor_brake" value="1, 1"/>
			</property>

			<property class="headlight">
				<property name="class" value="Headlight"/>
				<property name="transform" value="Origin/headlight"/>
				<property name="bright" value=".9"/>
			</property>

			<property class="storage">
				<property name="class" value="Storage"/>
				<property name="display_name" value="basket"/>
				<property name="slot_type" value="basket"/>
				<property name="mesh" value="basket"/>
				<property name="transform" value="basket"/>
			</property>
		</vehicle>

		<vehicle name="FuriousRamsayBlackShieldGreenCar">
			<property name="cameraDistance" value="5.5, 7"/>
			<property name="cameraTurnRate" value=".2, .35"/>
			<property name="motorTorqueMinQ" value="10000"/>
			<property name="motorTorqueMaxQ" value="10000"/>
			<property name="brakeTorque" value="5000"/>
			<property name="upAngleMax" value="70"/>
			<property name="upForce" value="2"/>
			<property name="steerRate" value="130"/>
			<property name="steerCenteringRate" value="90"/>
			<property name="tiltAngleMax" value="80"/>
			<property name="tiltThreshold" value="3"/>
			<property name="tiltDampening" value=".22"/>
			<property name="tiltDampenThreshold" value="8"/>
			<property name="tiltUpForce" value="0"/>
			<property name="unstickForce" value="1"/>
			<property name="velocityMax" value="10, 20"/>
			<property name="waterDrag_y_velScale_velMaxScale" value="1.8, .9, .1"/>
			<property name="wheelPtlScale" value="1"/>

			<property name="hornSound" value="FuriousRamsayHonk"/>

			<property class="battery">
				<property name="class" value="Battery"/>
				<property name="slot_type" value="battery"/>
				<property name="mesh" value="battery"/>
				<property name="transform" value="battery"/>
			</property>

			<property class="chassis">
				<property name="class" value="Chassis"/>
				<property name="display_name" value="chassis"/>
				<property name="slot_type" value="chassis"/>
				<property name="mesh" value="chassis"/>
				<property name="transform" value="Origin"/>
				<property name="paint" value="car_mesh"/>
			</property>

			<property class="engine">
				<property name="class" value="Engine"/>
				<property name="slot_type" value="engine"/>
				<property name="mesh" value="engine_small"/>
				<property name="transform" value="engine_small"/>
				<property name="particle_transform" value="engine_small/MinibikeParticles/p_engine_fire"/>
				<property name="fuelKmPerL" value=".1"/>
				<property name="foodDrain" value=".002,.00811"/><!-- driving/turbo, truck -->
				<property name="gear1" value="
									500,2500, -1400,800,0, 700,2200,900,
									FuriousRamsayCarAccel1,
									FuriousRamsayCarSecel1,
									0, .7, 1, .1, -9, .12, .1, Vehicles/Suv/suv_idle_lp,
									-.4, -.02, .7, .7, -.2, 9, .2, FuriousRamsayCarSpeed_lp
									"/>
				<property name="gear2" value="
									500,2500, -2000,1000,2000, 600,2200,800,
									FuriousRamsayCarAccel2,
									FuriousRamsayCarDecel1,
									-.25, -.05, .2, .4, -1, 1, .1, FuriousRamsayCarSpeed_lp
									"/>
				<property name="gear3" value="
									500,2500, -2000,1000,2000, 500,2200,1000,
									FuriousRamsayCarAccel3,
									FuriousRamsayCarDecel2,
									-.28, -.07, .3, .6, -1, 1, .1, VFuriousRamsayCarSpeed_lp
									"/>
				<property name="gear4" value="
									500,2500, -2000,1000,2000, 500,9999,9999,
									,
									FuriousRamsayCarDecel2,
									-.31, -.08, .6, .9, -1, 1, .1, FuriousRamsayCarSpeed_lp
									"/>
				<property name="sound_start" value="Vehicles/Suv/suv_startup"/>
				<property name="sound_shut_off" value="Vehicles/Suv/suv_shutoff"/>
				<property name="sound_no_fuel_shut_off" value="Vehicles/Motorbike/motorbike_empty"/>
			</property>

			<property class="fuelTank">
				<property name="class" value="FuelTank"/>
				<property name="capacity" value="300"/>
			</property>

			<property class="handlebars">
				<property name="class" value="Steering"/>
				<property name="slot_type" value="handlebars"/>
				<property name="transform" value="Origin/steering_joint"/>
				<property name="steerMaxAngle" value="60"/>
				<property name="IKHandLPosition" value="-.054, -6, -1.0735"/>
				<property name="IKHandLRotation" value="37.55, -13.433, 49.88"/>
				<property name="IKHandRPosition" value="-.646, -14.10002, -1.75735"/>
				<property name="IKHandRRotation" value="37.55, 13.433, -49.88"/>
			</property>

			<property class="seat0">
				<property name="position" value="-.4, -0.2,-0.4"/>
				<property name="rotation" value="-25, 0, 0"/>
				<property name="exit" value="-1.6,0,0 ~ 1.6,0,-1 ~ -.4,0,-2.8 ~ -.4,0,2.6 ~ -.4,2.1,0"/>
			</property>

			<property class="seat1">
				<property name="position" value=".4, -0.2, -0.4"/>
				<property name="rotation" value="-25, 0, 0"/>
				<property name="exit" value="1.6,0,0 ~ -1.6,0,-1 ~ .4,0,-2.8 ~ .4,0,2.6 ~ .4,2.1,0"/>
			</property>
		
			<property class="seat2">
				<property name="position" value="-.4, -0.2,-1.3"/>
				<property name="rotation" value="-25, 0, 0"/>
				<property name="exit" value="1.6,0,0 ~ -1.6,0,-1 ~ .4,0,-2.8 ~ .4,0,2.6 ~ .4,2.1,0"/>
			</property>
		
			<property class="seat3">
				<property name="position" value=".4, -0.2,-1.3"/>
				<property name="rotation" value="-25, 0, 0"/>
				<property name="exit" value="1.6,0,0 ~ -1.6,0,-1 ~ .4,0,-2.8 ~ .4,0,2.6 ~ .4,2.1,0"/>
			</property>

			<property class="wheel0">
				<property name="steerTransform" value="Origin/frontLeftWheelStear_joint"/>
				<property name="tireTransform" value="Origin/frontLeftWheelStear_joint/frontLeftWheel_joint"/>
				<property name="tireSuspensionPercent" value="1"/>
				<property name="torqueScale_motor_brake" value="1, .8"/>
			</property>

			<property class="wheel1">
				<property name="steerTransform" value="Origin/frontRightWheelStear_joint"/>
				<property name="tireTransform" value="Origin/frontRightWheelStear_joint/frontRightWheel_joint"/>
				<property name="tireSuspensionPercent" value="1"/>
				<property name="torqueScale_motor_brake" value="1, .8"/>
			</property>

			<property class="wheel2">
				<property name="tireTransform" value="Origin/backLeftWheelJoint"/>
				<property name="tireSuspensionPercent" value="1"/>
				<property name="torqueScale_motor_brake" value="1, 1"/>
			</property>

			<property class="wheel3">
				<property name="tireTransform" value="Origin/backRightWheelJoint"/>
				<property name="tireSuspensionPercent" value="1"/>
				<property name="torqueScale_motor_brake" value="1, 1"/>
			</property>

			<property class="headlight">
				<property name="class" value="Headlight"/>
				<property name="transform" value="Origin/headlight"/>
				<property name="bright" value=".9"/>
			</property>

			<property class="storage">
				<property name="class" value="Storage"/>
				<property name="display_name" value="basket"/>
				<property name="slot_type" value="basket"/>
				<property name="mesh" value="basket"/>
				<property name="transform" value="basket"/>
			</property>
		</vehicle>

		<vehicle name="FuriousRamsayBlackShieldBlackCar">
			<property name="cameraDistance" value="5.5, 7"/>
			<property name="cameraTurnRate" value=".2, .35"/>
			<property name="motorTorqueMinQ" value="10000"/>
			<property name="motorTorqueMaxQ" value="10000"/>
			<property name="brakeTorque" value="5000"/>
			<property name="upAngleMax" value="70"/>
			<property name="upForce" value="2"/>
			<property name="steerRate" value="130"/>
			<property name="steerCenteringRate" value="90"/>
			<property name="tiltAngleMax" value="80"/>
			<property name="tiltThreshold" value="3"/>
			<property name="tiltDampening" value=".22"/>
			<property name="tiltDampenThreshold" value="8"/>
			<property name="tiltUpForce" value="0"/>
			<property name="unstickForce" value="1"/>
			<property name="velocityMax" value="10, 20"/>
			<property name="waterDrag_y_velScale_velMaxScale" value="1.8, .9, .1"/>
			<property name="wheelPtlScale" value="1"/>

			<property name="hornSound" value="FuriousRamsayHonk"/>

			<property class="battery">
				<property name="class" value="Battery"/>
				<property name="slot_type" value="battery"/>
				<property name="mesh" value="battery"/>
				<property name="transform" value="battery"/>
			</property>

			<property class="chassis">
				<property name="class" value="Chassis"/>
				<property name="display_name" value="chassis"/>
				<property name="slot_type" value="chassis"/>
				<property name="mesh" value="chassis"/>
				<property name="transform" value="Origin"/>
				<property name="paint" value="car_mesh"/>
			</property>

			<property class="engine">
				<property name="class" value="Engine"/>
				<property name="slot_type" value="engine"/>
				<property name="mesh" value="engine_small"/>
				<property name="transform" value="engine_small"/>
				<property name="particle_transform" value="engine_small/MinibikeParticles/p_engine_fire"/>
				<property name="fuelKmPerL" value=".1"/>
				<property name="foodDrain" value=".002,.00811"/><!-- driving/turbo, truck -->
				<property name="gear1" value="
									500,2500, -1400,800,0, 700,2200,900,
									FuriousRamsayCarAccel1,
									FuriousRamsayCarSecel1,
									0, .7, 1, .1, -9, .12, .1, Vehicles/Suv/suv_idle_lp,
									-.4, -.02, .7, .7, -.2, 9, .2, FuriousRamsayCarSpeed_lp
									"/>
				<property name="gear2" value="
									500,2500, -2000,1000,2000, 600,2200,800,
									FuriousRamsayCarAccel2,
									FuriousRamsayCarDecel1,
									-.25, -.05, .2, .4, -1, 1, .1, FuriousRamsayCarSpeed_lp
									"/>
				<property name="gear3" value="
									500,2500, -2000,1000,2000, 500,2200,1000,
									FuriousRamsayCarAccel3,
									FuriousRamsayCarDecel2,
									-.28, -.07, .3, .6, -1, 1, .1, VFuriousRamsayCarSpeed_lp
									"/>
				<property name="gear4" value="
									500,2500, -2000,1000,2000, 500,9999,9999,
									,
									FuriousRamsayCarDecel2,
									-.31, -.08, .6, .9, -1, 1, .1, FuriousRamsayCarSpeed_lp
									"/>
				<property name="sound_start" value="Vehicles/Suv/suv_startup"/>
				<property name="sound_shut_off" value="Vehicles/Suv/suv_shutoff"/>
				<property name="sound_no_fuel_shut_off" value="Vehicles/Motorbike/motorbike_empty"/>
			</property>

			<property class="fuelTank">
				<property name="class" value="FuelTank"/>
				<property name="capacity" value="300"/>
			</property>

			<property class="handlebars">
				<property name="class" value="Steering"/>
				<property name="slot_type" value="handlebars"/>
				<property name="transform" value="Origin/steering_joint"/>
				<property name="steerMaxAngle" value="60"/>
				<property name="IKHandLPosition" value="-.054, -6, -1.0735"/>
				<property name="IKHandLRotation" value="37.55, -13.433, 49.88"/>
				<property name="IKHandRPosition" value="-.646, -14.10002, -1.75735"/>
				<property name="IKHandRRotation" value="37.55, 13.433, -49.88"/>
			</property>

			<property class="seat0">
				<property name="position" value="-.4, -0.2,-0.4"/>
				<property name="rotation" value="-25, 0, 0"/>
				<property name="exit" value="-1.6,0,0 ~ 1.6,0,-1 ~ -.4,0,-2.8 ~ -.4,0,2.6 ~ -.4,2.1,0"/>
			</property>

			<property class="seat1">
				<property name="position" value=".4, -0.2, -0.4"/>
				<property name="rotation" value="-25, 0, 0"/>
				<property name="exit" value="1.6,0,0 ~ -1.6,0,-1 ~ .4,0,-2.8 ~ .4,0,2.6 ~ .4,2.1,0"/>
			</property>
		
			<property class="seat2">
				<property name="position" value="-.4, -0.2,-1.3"/>
				<property name="rotation" value="-25, 0, 0"/>
				<property name="exit" value="1.6,0,0 ~ -1.6,0,-1 ~ .4,0,-2.8 ~ .4,0,2.6 ~ .4,2.1,0"/>
			</property>
		
			<property class="seat3">
				<property name="position" value=".4, -0.2,-1.3"/>
				<property name="rotation" value="-25, 0, 0"/>
				<property name="exit" value="1.6,0,0 ~ -1.6,0,-1 ~ .4,0,-2.8 ~ .4,0,2.6 ~ .4,2.1,0"/>
			</property>

			<property class="wheel0">
				<property name="steerTransform" value="Origin/frontLeftWheelStear_joint"/>
				<property name="tireTransform" value="Origin/frontLeftWheelStear_joint/frontLeftWheel_joint"/>
				<property name="tireSuspensionPercent" value="1"/>
				<property name="torqueScale_motor_brake" value="1, .8"/>
			</property>

			<property class="wheel1">
				<property name="steerTransform" value="Origin/frontRightWheelStear_joint"/>
				<property name="tireTransform" value="Origin/frontRightWheelStear_joint/frontRightWheel_joint"/>
				<property name="tireSuspensionPercent" value="1"/>
				<property name="torqueScale_motor_brake" value="1, .8"/>
			</property>

			<property class="wheel2">
				<property name="tireTransform" value="Origin/backLeftWheelJoint"/>
				<property name="tireSuspensionPercent" value="1"/>
				<property name="torqueScale_motor_brake" value="1, 1"/>
			</property>

			<property class="wheel3">
				<property name="tireTransform" value="Origin/backRightWheelJoint"/>
				<property name="tireSuspensionPercent" value="1"/>
				<property name="torqueScale_motor_brake" value="1, 1"/>
			</property>

			<property class="headlight">
				<property name="class" value="Headlight"/>
				<property name="transform" value="Origin/headlight"/>
				<property name="bright" value=".9"/>
			</property>

			<property class="storage">
				<property name="class" value="Storage"/>
				<property name="display_name" value="basket"/>
				<property name="slot_type" value="basket"/>
				<property name="mesh" value="basket"/>
				<property name="transform" value="basket"/>
			</property>
		</vehicle>

		<vehicle name="FuriousRamsayBlackShieldCopCar">
			<property name="cameraDistance" value="5.5, 7"/>
			<property name="cameraTurnRate" value=".2, .35"/>
			<property name="motorTorqueMinQ" value="10000"/>
			<property name="motorTorqueMaxQ" value="10000"/>
			<property name="brakeTorque" value="5000"/>
			<property name="upAngleMax" value="70"/>
			<property name="upForce" value="2"/>
			<property name="steerRate" value="130"/>
			<property name="steerCenteringRate" value="90"/>
			<property name="tiltAngleMax" value="80"/>
			<property name="tiltThreshold" value="3"/>
			<property name="tiltDampening" value=".22"/>
			<property name="tiltDampenThreshold" value="8"/>
			<property name="tiltUpForce" value="0"/>
			<property name="unstickForce" value="1"/>
			<property name="velocityMax" value="10, 20"/>
			<property name="waterDrag_y_velScale_velMaxScale" value="1.8, .9, .1"/>
			<property name="wheelPtlScale" value="1"/>

			<property name="hornSound" value="FuriousRamsayHonk"/>

			<property class="battery">
				<property name="class" value="Battery"/>
				<property name="slot_type" value="battery"/>
				<property name="mesh" value="battery"/>
				<property name="transform" value="battery"/>
			</property>

			<property class="chassis">
				<property name="class" value="Chassis"/>
				<property name="display_name" value="chassis"/>
				<property name="slot_type" value="chassis"/>
				<property name="mesh" value="chassis"/>
				<property name="transform" value="Origin"/>
				<property name="paint" value="car_mesh"/>
			</property>

			<property class="engine">
				<property name="class" value="Engine"/>
				<property name="slot_type" value="engine"/>
				<property name="mesh" value="engine_small"/>
				<property name="transform" value="engine_small"/>
				<property name="particle_transform" value="engine_small/MinibikeParticles/p_engine_fire"/>
				<property name="fuelKmPerL" value=".1"/>
				<property name="foodDrain" value=".002,.00811"/><!-- driving/turbo, truck -->
				<property name="gear1" value="
									500,2500, -1400,800,0, 700,2200,900,
									FuriousRamsayCarAccel1,
									FuriousRamsayCarSecel1,
									0, .7, 1, .1, -9, .12, .1, Vehicles/Suv/suv_idle_lp,
									-.4, -.02, .7, .7, -.2, 9, .2, FuriousRamsayCarSpeed_lp
									"/>
				<property name="gear2" value="
									500,2500, -2000,1000,2000, 600,2200,800,
									FuriousRamsayCarAccel2,
									FuriousRamsayCarDecel1,
									-.25, -.05, .2, .4, -1, 1, .1, FuriousRamsayCarSpeed_lp
									"/>
				<property name="gear3" value="
									500,2500, -2000,1000,2000, 500,2200,1000,
									FuriousRamsayCarAccel3,
									FuriousRamsayCarDecel2,
									-.28, -.07, .3, .6, -1, 1, .1, VFuriousRamsayCarSpeed_lp
									"/>
				<property name="gear4" value="
									500,2500, -2000,1000,2000, 500,9999,9999,
									,
									FuriousRamsayCarDecel2,
									-.31, -.08, .6, .9, -1, 1, .1, FuriousRamsayCarSpeed_lp
									"/>
				<property name="sound_start" value="Vehicles/Suv/suv_startup"/>
				<property name="sound_shut_off" value="Vehicles/Suv/suv_shutoff"/>
				<property name="sound_no_fuel_shut_off" value="Vehicles/Motorbike/motorbike_empty"/>
			</property>

			<property class="fuelTank">
				<property name="class" value="FuelTank"/>
				<property name="capacity" value="300"/>
			</property>

			<property class="handlebars">
				<property name="class" value="Steering"/>
				<property name="slot_type" value="handlebars"/>
				<property name="transform" value="Origin/steering_joint"/>
				<property name="steerMaxAngle" value="60"/>
				<property name="IKHandLPosition" value="-.054, -6, -1.0735"/>
				<property name="IKHandLRotation" value="37.55, -13.433, 49.88"/>
				<property name="IKHandRPosition" value="-.646, -14.10002, -1.75735"/>
				<property name="IKHandRRotation" value="37.55, 13.433, -49.88"/>
			</property>

			<property class="seat0">
				<property name="position" value="-.4, -0.2,-0.4"/>
				<property name="rotation" value="-25, 0, 0"/>
				<property name="exit" value="-1.6,0,0 ~ 1.6,0,-1 ~ -.4,0,-2.8 ~ -.4,0,2.6 ~ -.4,2.1,0"/>
			</property>

			<property class="seat1">
				<property name="position" value=".4, -0.2, -0.4"/>
				<property name="rotation" value="-25, 0, 0"/>
				<property name="exit" value="1.6,0,0 ~ -1.6,0,-1 ~ .4,0,-2.8 ~ .4,0,2.6 ~ .4,2.1,0"/>
			</property>
		
			<property class="seat2">
				<property name="position" value="-.4, -0.2,-1.3"/>
				<property name="rotation" value="-25, 0, 0"/>
				<property name="exit" value="1.6,0,0 ~ -1.6,0,-1 ~ .4,0,-2.8 ~ .4,0,2.6 ~ .4,2.1,0"/>
			</property>
		
			<property class="seat3">
				<property name="position" value=".4, -0.2,-1.3"/>
				<property name="rotation" value="-25, 0, 0"/>
				<property name="exit" value="1.6,0,0 ~ -1.6,0,-1 ~ .4,0,-2.8 ~ .4,0,2.6 ~ .4,2.1,0"/>
			</property>

			<property class="wheel0">
				<property name="steerTransform" value="Origin/frontLeftWheelStear_joint"/>
				<property name="tireTransform" value="Origin/frontLeftWheelStear_joint/frontLeftWheel_joint"/>
				<property name="tireSuspensionPercent" value="1"/>
				<property name="torqueScale_motor_brake" value="1, .8"/>
			</property>

			<property class="wheel1">
				<property name="steerTransform" value="Origin/frontRightWheelStear_joint"/>
				<property name="tireTransform" value="Origin/frontRightWheelStear_joint/frontRightWheel_joint"/>
				<property name="tireSuspensionPercent" value="1"/>
				<property name="torqueScale_motor_brake" value="1, .8"/>
			</property>

			<property class="wheel2">
				<property name="tireTransform" value="Origin/backLeftWheelJoint"/>
				<property name="tireSuspensionPercent" value="1"/>
				<property name="torqueScale_motor_brake" value="1, 1"/>
			</property>

			<property class="wheel3">
				<property name="tireTransform" value="Origin/backRightWheelJoint"/>
				<property name="tireSuspensionPercent" value="1"/>
				<property name="torqueScale_motor_brake" value="1, 1"/>
			</property>

			<property class="headlight">
				<property name="class" value="Headlight"/>
				<property name="transform" value="Origin/headlight"/>
				<property name="bright" value=".9"/>
			</property>

			<property class="storage">
				<property name="class" value="Storage"/>
				<property name="display_name" value="basket"/>
				<property name="slot_type" value="basket"/>
				<property name="mesh" value="basket"/>
				<property name="transform" value="basket"/>
			</property>
		</vehicle>

		<vehicle name="FuriousRamsayBlackShieldShockMotorcycle">
			<property name="cameraDistance" value="5.5, 7"/>
			<property name="cameraTurnRate" value=".2, .35"/>
			<property name="motorTorqueMinQ" value="10000"/>
			<property name="motorTorqueMaxQ" value="10000"/>
			<property name="brakeTorque" value="4000"/>
			<property name="upAngleMax" value="80"/>
			<property name="upForce" value="1.25"/>
			<property name="steerRate" value="130"/>
			<property name="steerCenteringRate" value="90"/>
			<property name="tiltAngleMax" value="20"/>
			<property name="tiltThreshold" value="3"/>
			<property name="tiltDampening" value=".22"/>
			<property name="tiltDampenThreshold" value="8"/>
			<property name="tiltUpForce" value="5"/>
			<property name="hopForce" value="1, .8"/>
			<property name="unstickForce" value="1"/>
			<property name="velocityMax" value="10, 25"/>
			<property name="waterDrag_y_velScale_velMaxScale" value="1.7, .9, .1"/>
			<property name="wheelPtlScale" value="1"/>

			<property name="hornSound" value="vehicle/minibike/minibike_horn"/>

			<property class="battery">
				<property name="class" value="Battery"/>
				<property name="slot_type" value="battery"/>
				<property name="mesh" value="battery"/>
				<property name="transform" value="battery"/>
			</property>

			<property class="chassis">
				<property name="class" value="Chassis"/>
				<property name="display_name" value="chassis"/>
				<property name="slot_type" value="chassis"/>
				<property name="mesh" value="chassis"/>
				<property name="transform" value="Origin"/>
				<property name="part_damage_reduction" value="0.5"/>
				<property name="paint" value="Motorcycle"/>
			</property>

			<property class="engine">
				<property name="class" value="Engine"/>
				<property name="slot_type" value="engine"/>
				<property name="mesh" value="engine_small"/>
				<property name="mesh" value="basket"/>
				<property name="transform" value="engine_small"/>
				<property name="particle_transform" value="engine_small/MinibikeParticles/p_engine_fire"/>
			
				<property name="fuelKmPerL" value=".3"/>
				<property name="foodDrain" value=".003,.03"/>
			<property name="gear1" value="
								500,2500, -1400,800,0, 700,2000,900,
								Vehicles/Motorbike/motorbike_accel_1,
								,
								0, .7, 1, .1, -9, .15, .1, Vehicles/Motorbike/motorbike_idle_lp,
								-.3, .1, .1, .4, -.05, 9, .2, Vehicles/Motorbike/motorbike_run_lp
								"/>
			<property name="gear2" value="
								500,2500, -2000,1000,2000, 620,2200,800,
								Vehicles/Motorbike/motorbike_accel_2,
								Vehicles/Motorbike/motorbike_decel,
								-.2, -.02, .1, .2, -1, 1, .1, Vehicles/Motorbike/motorbike_run_lp
								"/>
			<property name="gear3" value="
								500,2500, -2000,1000,2000, 570,2200,1000,
								Vehicles/Motorbike/motorbike_accel_3,
								Vehicles/Motorbike/motorbike_decel,
								-.21, -.05, .1, .2, -1, 1, .1, Vehicles/Motorbike/motorbike_run_lp
								"/>
			<property name="gear4" value="
								500,2500, -2000,1000,2000, 500,9999,9999,
								,
								Vehicles/Motorbike/motorbike_decel,
								-.25, -.08, .55, .45, -1, 1, .1, Vehicles/Motorbike/motorbike_run_lp
								"/>
			<property name="sound_start" value="Vehicles/Motorbike/minibike_start_"/>
			<property name="sound_shut_off" value="Vehicles/Motorbike/minibike_shutoff_"/>
			<property name="sound_no_fuel_shut_off" value="Vehicles/Motorbike/motorbike_empty"/>
			</property>

			<property class="fuelTank">
				<property name="class" value="FuelTank"/>
				<property name="capacity" value="250"/>
			</property>

			<property class="handlebars">
				<property name="class" value="Steering"/>
				<property name="slot_type" value="handlebars"/>
				<property name="mesh" value="handlebar"/>
				<property name="transform" value="Origin/handlebar_joint"/>
				<property name="IKHandLPosition" value="-.3329, .2552, -.158"/>
				<property name="IKHandLRotation" value="27.30321, -15.59375, 8.961643"/>
				<property name="IKHandRPosition" value=".3329, .2552, -.158"/>
				<property name="IKHandRRotation" value="27.30321, 15.59375, -8.961643"/>
			</property>

			<property class="seat0">
				<property name="position" value="0, 0, -.201"/>
				<property name="rotation" value="0, 0, 0"/>
				<property name="exit" value="-.9,0,0 ~ .9,0,0 ~ 0,0,-1.5 ~ 0,0,1.6 ~ 0,1.5,0"/>
			</property>

			<property class="seat1">
				<property name="position" value="0, 0.14, -.498"/>
				<property name="rotation" value="0, 0, 0"/>
				<property name="exit" value="-.9,0,0 ~ .9,0,0 ~ 0,0,-1.5 ~ 0,0,1.6 ~ 0,1.5,0"/>
			</property>

			<property class="wheel0">
				<property name="steerTransform" value="Origin/handlebar_joint"/>
				<property name="tireTransform" value="Origin/handlebar_joint/frontWheel_joint"/>
				<property name="torqueScale_motor_brake" value="1, 1"/>
				<property name="torqueScale_motor_brake" value="2, 2"/>
			</property>

			<property class="wheel1">
				<property name="tireTransform" value="Origin/backWheelJoint"/>
				<property name="torqueScale_motor_brake" value="1, 1"/>
				<property name="torqueScale_motor_brake" value="2, 2"/>
			</property>

			<property class="headlight">
				<property name="class" value="Headlight"/>
				<property name="transform" value="Origin/handlebar_joint/headlight"/>
				<property name="bright" value="1.25"/>
			</property>

			<property class="storage">
				<property name="class" value="Storage"/>
				<property name="display_name" value="basket"/>
				<property name="slot_type" value="basket"/>
				<property name="transform" value="basket"/>
			</property>
		</vehicle>
			
		<vehicle name="FuriousRamsayBlackShieldFireMotorcycle">
			<property name="cameraDistance" value="5.5, 7"/>
			<property name="cameraTurnRate" value=".2, .35"/>
			<property name="motorTorqueMinQ" value="10000"/>
			<property name="motorTorqueMaxQ" value="10000"/>
			<property name="brakeTorque" value="4000"/>
			<property name="upAngleMax" value="80"/>
			<property name="upForce" value="1.25"/>
			<property name="steerRate" value="130"/>
			<property name="steerCenteringRate" value="90"/>
			<property name="tiltAngleMax" value="20"/>
			<property name="tiltThreshold" value="3"/>
			<property name="tiltDampening" value=".22"/>
			<property name="tiltDampenThreshold" value="8"/>
			<property name="tiltUpForce" value="5"/>
			<property name="hopForce" value="1, .8"/>
			<property name="unstickForce" value="1"/>
			<property name="velocityMax" value="10, 25"/>
			<property name="waterDrag_y_velScale_velMaxScale" value="1.7, .9, .1"/>
			<property name="wheelPtlScale" value="1"/>

			<property name="hornSound" value="vehicle/minibike/minibike_horn"/>

			<property class="battery">
				<property name="class" value="Battery"/>
				<property name="slot_type" value="battery"/>
				<property name="mesh" value="battery"/>
				<property name="transform" value="battery"/>
			</property>

			<property class="chassis">
				<property name="class" value="Chassis"/>
				<property name="display_name" value="chassis"/>
				<property name="slot_type" value="chassis"/>
				<property name="mesh" value="chassis"/>
				<property name="transform" value="Origin"/>
				<property name="part_damage_reduction" value="0.5"/>
				<property name="paint" value="Motorcycle"/>
			</property>

			<property class="engine">
				<property name="class" value="Engine"/>
				<property name="slot_type" value="engine"/>
				<property name="mesh" value="engine_small"/>
				<property name="mesh" value="basket"/>
				<property name="transform" value="engine_small"/>
				<property name="particle_transform" value="engine_small/MinibikeParticles/p_engine_fire"/>
			
				<property name="fuelKmPerL" value=".3"/>
				<property name="foodDrain" value=".003,.03"/>
				<property name="gear1" value="
									500,2500, -1400,800,0, 700,2000,900,
									motorbike_accel_1,
									,
									0, .7, 1, .1, -9, .15, .1, FuriousRamsayMotorcycleIdle,
									-.3, .1, .1, .4, -.05, 9, .2, FuriousRamsayMotorcycleRun
									"/>
				<property name="gear2" value="
									500,2500, -2000,1000,2000, 620,2200,800,
									motorbike_accel_2,
									FuriousRamsayMotorcycleDecel,
									-.2, -.02, .1, .2, -1, 1, .1, FuriousRamsayMotorcycleRun
									"/>
				<property name="gear3" value="
									500,2500, -2000,1000,2000, 570,2200,1000,
									motorbike_accel_3,
									FuriousRamsayMotorcycleDecel,
									-.21, -.05, .1, .2, -1, 1, .1, FuriousRamsayMotorcycleRun
									"/>
				<property name="gear4" value="
									500,2500, -2000,1000,2000, 500,9999,9999,
									,
									FuriousRamsayMotorcycleDecel,
									-.25, -.08, .55, .45, -1, 1, .1, FuriousRamsayMotorcycleRun
									"/>
				<property name="sound_start" value="FuriousRamsayMotorcycleStart"/>
				<property name="sound_shut_off" value="FuriousRamsayMotorcycleStop"/>
				<property name="sound_no_fuel_shut_off" value="FuriousRamsayMotorcycleEmpty"/>
			</property>

			<property class="fuelTank">
				<property name="class" value="FuelTank"/>
				<property name="capacity" value="250"/>
			</property>

			<property class="handlebars">
				<property name="class" value="Steering"/>
				<property name="slot_type" value="handlebars"/>
				<property name="mesh" value="handlebar"/>
				<property name="transform" value="Origin/handlebar_joint"/>
				<property name="IKHandLPosition" value="-.3329, .2552, -.158"/>
				<property name="IKHandLRotation" value="27.30321, -15.59375, 8.961643"/>
				<property name="IKHandRPosition" value=".3329, .2552, -.158"/>
				<property name="IKHandRRotation" value="27.30321, 15.59375, -8.961643"/>
			</property>

			<property class="seat0">
				<property name="position" value="0, 0, -.201"/>
				<property name="rotation" value="0, 0, 0"/>
				<property name="exit" value="-.9,0,0 ~ .9,0,0 ~ 0,0,-1.5 ~ 0,0,1.6 ~ 0,1.5,0"/>
			</property>

			<property class="seat1">
				<property name="position" value="0, 0.14, -.498"/>
				<property name="rotation" value="0, 0, 0"/>
				<property name="exit" value="-.9,0,0 ~ .9,0,0 ~ 0,0,-1.5 ~ 0,0,1.6 ~ 0,1.5,0"/>
			</property>

			<property class="wheel0">
				<property name="steerTransform" value="Origin/handlebar_joint"/>
				<property name="tireTransform" value="Origin/handlebar_joint/frontWheel_joint"/>
				<property name="torqueScale_motor_brake" value="1, 1"/>
				<property name="torqueScale_motor_brake" value="2, 2"/>
			</property>

			<property class="wheel1">
				<property name="tireTransform" value="Origin/backWheelJoint"/>
				<property name="torqueScale_motor_brake" value="1, 1"/>
				<property name="torqueScale_motor_brake" value="2, 2"/>
			</property>

			<property class="headlight">
				<property name="class" value="Headlight"/>
				<property name="transform" value="Origin/handlebar_joint/headlight"/>
				<property name="bright" value="1.25"/>
			</property>

			<property class="storage">
				<property name="class" value="Storage"/>
				<property name="display_name" value="basket"/>
				<property name="slot_type" value="basket"/>
				<property name="transform" value="basket"/>
			</property>
		</vehicle>

		<vehicle name="FuriousRamsayBlackShieldBicycle">
			<property name="cameraDistance" value="4, 5.5"/>
			<property name="cameraTurnRate" value=".2, .35"/>
			<property name="motorTorqueMinQ" value="1000"/>
			<property name="motorTorqueMaxQ" value="1000"/>
			<property name="brakeTorque" value="4000"/>
			<property name="upAngleMax" value="70"/>
			<property name="upForce" value="1"/>
			<property name="steerAngleMax" value="28"/>
			<property name="steerRate" value="130"/>
			<property name="steerCenteringRate" value="90"/>
			<property name="tiltAngleMax" value="20"/>
			<property name="tiltThreshold" value="3"/>
			<property name="tiltDampening" value=".22"/>
			<property name="tiltDampenThreshold" value="8"/>
			<property name="tiltUpForce" value="5"/>
			<property name="hopForce" value="4, .05"/>
			<property name="unstickForce" value=".2"/>
			<property name="velocityMax" value="5, 10"/>
			<property name="waterDrag_y_velScale_velMaxScale" value="1.7, .9, .2"/>
			<property name="wheelPtlScale" value=".6"/>

			<property name="hornSound" value="vehicle/minibike/minibike_horn"/>

			<property class="chassis">
				<property name="class" value="Chassis"/>
				<property name="slot_type" value="chassis"/>
				<property name="mesh" value="chassis"/>
				<property name="transform" value="Origin"/>
				<property name="paint" value="chassis"/>
			</property>

			<property class="handlebars">
				<property name="class" value="Steering"/>
				<property name="slot_type" value="handlebars"/>
				<property name="mesh" value="handlebar"/>
				<property name="transform" value="Origin/handlebar_joint"/>
				<property name="IKHandLPosition" value="-.24, .2, -.129"/>
				<property name="IKHandLRotation" value="-.8781128, -25.45557, -10.52621"/>
				<property name="IKHandRPosition" value=".24, .2, -.129"/>
				<property name="IKHandRRotation" value=".8781128, 25.45557, 10.52621"/>
				<property name="paint" value="handlebar"/>
			</property>

			<property class="pedals">
				<property name="class" value="Pedals"/>
				<property name="slot_type" value="pedals"/>
				<property name="transform" value="Origin/pedalJoint"/>
				<property name="pedalLPosition" value="-.182, 0, -.217"/>
				<property name="pedalRPosition" value=".182, 0, .217"/>
				<property name="IKFootLPosition" value="0, .1, -.05"/>
				<property name="IKFootLRotation" value="0, 0, 0"/>
				<property name="IKFootRPosition" value="0, .1, -.05"/>
				<property name="IKFootRRotation" value="0, 0, 0"/>
				<property name="pedalSound" value="bicycle_pedal"/>
				<property name="staminaDrain" value="0,0"/>
			</property>

			<property class="seat0">
				<property name="position" value="0, .292, -.13"/>
				<property name="rotation" value="0, 0, 0"/>
				<property name="exit" value="-.8,0,0 ~ .8,0,0 ~ 0,0,-1.4 ~ 0,0,1.4 ~ 0,1.5,0"/>
			</property>

			<property class="seat1">
				<property name="position" value="0, .392, -.63"/>
				<property name="rotation" value="0, 0, 0"/>
				<property name="exit" value=".8,0,0 ~ -.8,0,0 ~ 0,0,1.4 ~ 0,0,-1.4 ~ 0,-1.5,0"/>
			</property>

			<property class="seat2">
				<property name="position" value="0, .292, -1.5"/>
				<property name="rotation" value="0, 0, 0"/>
				<property name="exit" value="-.8,0,0 ~ .8,0,0 ~ 0,0,-1.4 ~ 0,0,1.4 ~ 0,1.5,0"/>
			</property>

			<property class="seat3">
				<property name="position" value="0, .392, -.2"/>
				<property name="rotation" value="0, 0, 0"/>
				<property name="exit" value=".8,0,0 ~ -.8,0,0 ~ 0,0,1.4 ~ 0,0,-1.4 ~ 0,-1.5,0"/>
			</property>

			<property class="wheel0">
				<property name="steerTransform" value="Origin/handlebar_joint"/>
				<property name="tireTransform" value="Origin/handlebar_joint/frontWheel_joint"/>
				<property name="torqueScale_motor_brake" value=".15, .5"/>
			</property>

			<property class="wheel1">
				<property name="tireTransform" value="Origin/backWheelJoint"/>
				<property name="torqueScale_motor_brake" value="1, 1"/>
			</property>

			<property class="storage">
				<property name="class" value="Storage"/>
				<property name="display_name" value="basket"/>
				<property name="slot_type" value="basket"/>
				<property name="mesh" value="basket"/>
				<property name="transform" value="basket"/>
			</property>
		</vehicle>

		<vehicle name="FuriousRamsayAllTerrain">
			<property name="cameraDistance" value="5.5, 7"/>
			<property name="cameraTurnRate" value=".2, .35"/>
			<property name="motorTorqueMinQ" value="10000"/>
			<property name="motorTorqueMaxQ" value="10000"/>
			<property name="brakeTorque" value="10000"/>
			<property name="upAngleMax" value="0"/>
			<property name="upForce" value="2"/>
			<property name="steerRate" value="130"/>
			<property name="steerCenteringRate" value="90"/>
			<property name="velocityMax" value="9, 14"/>
			<property name="waterDrag_y_velScale_velMaxScale" value="1.8, .9, .1"/>
			<property name="wheelPtlScale" value="1"/>

			<property name="downAngleMax" value="0"/>
			<property name="downForce" value="2"/>
			<property name="tiltAngleMax" value="0"/>
			<property name="tiltThreshold" value="1"/>
			<property name="tiltDampening" value="1"/>
			<property name="tiltDampenThreshold" value="1"/>
			<property name="tiltUpForce" value="2"/>
			<property name="unstickForce" value="2"/>
			<property name="airDrag_velScale_angVelScale" value=".991, 1"/>
			<property name="waterLift_y_depth_force" value=".4, .54, .3"/>
			<property name="waterY_VelMaxScale" value=".001, .0001"/>

			<property name="hornSound" value="FuriousRamsayHonk"/>

			<property class="battery">
				<property name="class" value="Battery"/>
				<property name="slot_type" value="battery"/>
				<property name="mesh" value="battery"/>
				<property name="transform" value="battery"/>
			</property>

			<property class="chassis">
				<property name="class" value="Chassis"/>
				<property name="display_name" value="chassis"/>
				<property name="slot_type" value="chassis"/>
				<property name="mesh" value="chassis"/>
				<property name="transform" value="Origin"/>
				<property name="paint" value="car_mesh"/>
			</property>

			<property class="engine">
				<property name="class" value="Engine"/>
				<property name="slot_type" value="engine"/>
				<property name="mesh" value="engine_small"/>
				<property name="transform" value="engine_small"/>
				<property name="particle_transform" value="engine_small/MinibikeParticles/p_engine_fire"/>
				<property name="fuelKmPerL" value=".1"/>
				<property name="foodDrain" value=".002,.00811"/><!-- driving/turbo, truck -->
				<property name="gear1" value="
									500,2500, -1400,800,0, 700,2200,900,
									FuriousRamsayCarAccel1,
									FuriousRamsayCarSecel1,
									0, .7, 1, .1, -9, .12, .1, Vehicles/Suv/suv_idle_lp,
									-.4, -.02, .7, .7, -.2, 9, .2, FuriousRamsayCarSpeed_lp
									"/>
				<property name="gear2" value="
									500,2500, -2000,1000,2000, 600,2200,800,
									FuriousRamsayCarAccel2,
									FuriousRamsayCarDecel1,
									-.25, -.05, .2, .4, -1, 1, .1, FuriousRamsayCarSpeed_lp
									"/>
				<property name="gear3" value="
									500,2500, -2000,1000,2000, 500,2200,1000,
									FuriousRamsayCarAccel3,
									FuriousRamsayCarDecel2,
									-.28, -.07, .3, .6, -1, 1, .1, VFuriousRamsayCarSpeed_lp
									"/>
				<property name="gear4" value="
									500,2500, -2000,1000,2000, 500,9999,9999,
									,
									FuriousRamsayCarDecel2,
									-.31, -.08, .6, .9, -1, 1, .1, FuriousRamsayCarSpeed_lp
									"/>
				<property name="sound_start" value="Vehicles/Suv/suv_startup"/>
				<property name="sound_shut_off" value="Vehicles/Suv/suv_shutoff"/>
				<property name="sound_no_fuel_shut_off" value="Vehicles/Motorbike/motorbike_empty"/>
			</property>

			<property class="fuelTank">
				<property name="class" value="FuelTank"/>
				<property name="capacity" value="400"/>
			</property>

			<property class="handlebars">
				<property name="class" value="Steering"/>
				<property name="slot_type" value="handlebars"/>
				<property name="transform" value="Origin/steering_joint"/>
				<property name="steerMaxAngle" value="60"/>
				<property name="IKHandLPosition" value="-.154, .1256, .0265"/>
				<property name="IKHandLRotation" value="37.55, -13.433, 49.88"/>
				<property name="IKHandRPosition" value=".154, .1256, .0265"/>
				<property name="IKHandRRotation" value="37.55, 13.433, -49.88"/>
			</property>

			<property class="seat0">
				<property name="position" value="-.4, .36, .06"/>
				<property name="rotation" value="-25, 0, 0"/>
				<property name="exit" value="-1.6,0,0 ~ 1.6,0,-1 ~ -.4,0,-2.8 ~ -.4,0,2.6 ~ -.4,2.1,0"/>
			</property>

			<property class="seat1">
				<property name="position" value=".4, .36, .06"/>
				<property name="rotation" value="-25, 0, 0"/>
				<property name="exit" value="1.6,0,0 ~ -1.6,0,-1 ~ .4,0,-2.8 ~ .4,0,2.6 ~ .4,2.1,0"/>
			</property>

			<property class="seat2">
				<property name="position" value="0,0.72,-1.1"/>
				<property name="rotation" value="0, 0, 0"/>
				<property name="exit" value="-1.6,0,0 ~ 1.6,0,-1 ~ -.4,0,-2.8 ~ -.4,0,2.6 ~ -.4,2.1,0"/>
			</property>

			<property class="seat3">
				<property name="position" value=".5,0.72,-1.68"/>
				<property name="rotation" value="0, 90, 0"/>
				<property name="exit" value="-1.6,0,0 ~ 1.6,0,-1 ~ -.4,0,-2.8 ~ -.4,0,2.6 ~ -.4,2.1,0"/>
			</property>

			<property class="seat4">
				<property name="position" value="-.5,0.72,-1.68"/>
				<property name="rotation" value="0, -90, 0"/>
				<property name="exit" value="-1.6,0,0 ~ 1.6,0,-1 ~ -.4,0,-2.8 ~ -.4,0,2.6 ~ -.4,2.1,0"/>
			</property>
			
			<property class="seat5">
				<property name="position" value="-0.48,0.47,-2.37"/>
				<property name="rotation" value="0, 180, 0"/>
				<property name="exit" value="-1.6,0,0 ~ 1.6,0,-1 ~ -.4,0,-2.8 ~ -.4,0,2.6 ~ -.4,2.1,0"/>
			</property>

			<property class="seat6">
				<property name="position" value="0.48,0.47,-2.37"/>
				<property name="rotation" value="0, 180, 0"/>
				<property name="exit" value="-1.6,0,0 ~ 1.6,0,-1 ~ -.4,0,-2.8 ~ -.4,0,2.6 ~ -.4,2.1,0"/>
			</property>

			<property class="wheel0">
				<property name="steerTransform" value="Origin/frontLeftWheelStear_joint"/>
				<property name="tireTransform" value="Origin/frontLeftWheelStear_joint/frontLeftWheel_joint"/>
				<property name="tireSuspensionPercent" value="1"/>
				<property name="torqueScale_motor_brake" value="1, .8"/>
			</property>

			<property class="wheel1">
				<property name="steerTransform" value="Origin/frontRightWheelStear_joint"/>
				<property name="tireTransform" value="Origin/frontRightWheelStear_joint/frontRightWheel_joint"/>
				<property name="tireSuspensionPercent" value="1"/>
				<property name="torqueScale_motor_brake" value="1, .8"/>
			</property>

			<property class="wheel2">
				<property name="tireTransform" value="Origin/backLeftWheelJoint"/>
				<property name="tireSuspensionPercent" value="1"/>
				<property name="torqueScale_motor_brake" value="1, 1"/>
			</property>

			<property class="wheel3">
				<property name="tireTransform" value="Origin/backRightWheelJoint"/>
				<property name="tireSuspensionPercent" value="1"/>
				<property name="torqueScale_motor_brake" value="1, 1"/>
			</property>

			<property class="headlight">
				<property name="class" value="Headlight"/>
				<property name="transform" value="Origin/headlight"/>
				<property name="bright" value=".75"/>
			</property>

			<property class="motor0">
				<property name="engine" value="engine"/>
				<property name="engineOffPer" value=".02"/>
				<property name="rpmAccel_min_max" value="0.0001, 1"/>
				<property name="rpmMax" value="8"/>
				<property name="rpmDrag" value="0.25"/>
				<property name="trigger" value="relative"/>
				<property name="type" value="spin"/> 
				<property name="axis" value="1"/>
			</property>

			<property class="motor1">
				<property name="engine" value="engine"/>
				<property name="turbo" value="1.25"/> 
				<property name="rpmAccel_min_max" value="0.001, 1"/>
				<property name="rpmMax" value="8"/>
				<property name="rpmDrag" value="0.25"/>
				<property name="trigger" value="inputForward"/>
				<property name="type" value="spin"/>
				<property name="axis" value="2"/>
			</property>

			<property class="force0">
				<property name="trigger" value="motor0"/>
				<property name="type" value="relative"/>
				<property name="force" value="0, 0, 0"/>
				<property name="ceiling" value="20, 25"/>
			</property> 
		
			<property class="force1">
				<property name="trigger" value="motor1"/>
				<property name="type" value="relative"/>
				<property name="force" value="0, 0,.4"/>
			</property> 

			<property class="force2">
				<property name="trigger" value="inputForward"/>
				<property name="type" value="relative"/>
				<property name="force" value="0, 0, 0.004"/>
			</property>

			<property class="force3">
				<property name="trigger" value="inputStrafe"/>
				<property name="type" value="relativeTorque"/>
				<property name="force" value="0,.04, 0"/>
			</property>

			<property class="force4">
				<property name="trigger" value="inputUp"/>
				<property name="type" value="relativeTorque"/>
				<property name="force" value="-.0015, 0, 0"/> 
			</property>

			<property class="force5">
				<property name="trigger" value="inputDown"/>
				<property name="type" value="relativeTorque"/>
				<property name="force" value=".0015, 0, 0"/> 
			</property>

			<property class="storage">
				<property name="class" value="Storage"/>
				<property name="display_name" value="basket"/>
				<property name="slot_type" value="basket"/>
				<property name="mesh" value="basket"/>
				<property name="transform" value="basket"/>
			</property>
		</vehicle>

	</append>

</Config>

