<Config>
	<!--<append xpath="//lootcontainer[@id='14']">
		<item name="qc_FuriousRamsayFindNextTrader" prob="0.19"/>	
	</append>-->

	<append xpath="/lootcontainers/lootprobtemplates">

		<lootprobtemplate name="FuriousRamsayProbTemplateTreasure">
			<loot level="1,8" prob="0.05"/>
			<loot level="9,16" prob="0.075"/>
			<loot level="17,25" prob="0.1"/>
			<loot level="26,34" prob="0.125"/>
			<loot level="35,44" prob="0.15"/>
			<loot level="45,54" prob="0.175"/>
			<loot level="55,65" prob="0.2"/>
			<loot level="66,76" prob="0.225"/>
			<loot level="77,88" prob="0.25"/>
			<loot level="89,101" prob="0.275"/>
			<loot level="102,114" prob="0.3"/>
			<loot level="115,128" prob="0.325"/>
			<loot level="129,142" prob="0.35"/>
			<loot level="143,157" prob="0.375"/>
			<loot level="158,173" prob="0.4"/>
			<loot level="174,190" prob="0.425"/>
			<loot level="191,208" prob="0.45"/>
			<loot level="209,226" prob="0.475"/>
			<loot level="227,245" prob="0.5"/>
			<loot level="246,266" prob="0.525"/>
			<loot level="267,300" prob="0.55"/>
			<loot level="301,999" prob="0.6"/>
		</lootprobtemplate>

		<lootprobtemplate name="FuriousRamsayProbTemplateLow">
			<loot level="1,8" prob="1"/>
			<loot level="9,16" prob="0.8"/>
			<loot level="17,25" prob="0.4"/>
			<loot level="26,34" prob="0.2"/>
			<loot level="35,44" prob="0.08"/>
			<loot level="45,54" prob="0.04"/>
			<loot level="55,999999" prob="0.001"/>
		</lootprobtemplate>

		<lootprobtemplate name="FuriousRamsayProbTemplateHigh">
			<loot level="1,8" prob="0.001"/>
			<loot level="9,16" prob="0.04"/>
			<loot level="17,25" prob="0.08"/>
			<loot level="26,34" prob="0.2"/>
			<loot level="35,44" prob="0.4"/>
			<loot level="45,54" prob="0.8"/>
			<loot level="55,999999" prob="1"/>
		</lootprobtemplate>

	</append>
    
	<append xpath="/lootcontainers">

		<lootgroup name="FuriousRamsayGroupQuestCookedFoodsTier1">
			<item name="foodBoiledMeat" count="2"/>
			<item name="foodPumpkinBread" count="2"/>
			<item name="foodBaconAndEggs" count="2"/>
		</lootgroup>
			
		<lootgroup name="FuriousRamsayGroupQuestCookedFoodsTier2">
			<item name="foodBlueberryPie" count="2"/>
			<item name="foodPumpkinPie" count="2"/>
			<item name="foodSteakAndPotato" count="2"/>
			<item name="foodTunaFishGravyToast" count="2"/>
		</lootgroup>

		<lootgroup name="FuriousRamsayGroupQuestCookedFoodsTier3">
			<item name="foodChiliDog" count="2"/>
			<item name="foodPumpkinCheesecake" count="2"/>
			<item name="foodSpaghetti" count="2"/>
			<item name="foodVegetableStew" count="2"/>
		</lootgroup>

		<lootgroup name="FuriousRamsayGroupQuestCookedFoodsTier4">
			<item name="drinkYuccaJuiceSmoothie" count="2"/>
			<item name="foodFishTacos" count="3"/>
			<item name="foodShepardsPie" count="3"/>
			<item name="foodMeatStew" count="3"/>
		</lootgroup>

		<lootgroup name="FuriousRamsayGroupQuestCookedFoodsTier5">
			<item name="foodHoboStew" count="4"/>
			<item name="foodShamChowder" count="4"/>
			<item name="foodGumboStew" count="4"/>
		</lootgroup>
	
		<lootgroup name="FuriousRamsayGroupQuestMedicalLow">
			<item name="drugPainkillers" count="3"/>
			<item name="medicalFirstAidBandage" count="3"/>
		</lootgroup>

		<lootgroup name="FuriousRamsayGroupQuestMedicalHigh">
			<item name="medicalFirstAidBandage" count="4"/>
			<item name="medicalFirstAidKit" count="4"/>
		</lootgroup>

		<lootgroup name="FuriousRamsayGroupBlackShieldCaptainDead" count="2">
			<item group="FuriousRamsayGroupQuestMedicalLow" loot_prob_template="FuriousRamsayProbTemplateLow"/>
			<item group="FuriousRamsayGroupQuestMedicalHigh" loot_prob_template="FuriousRamsayProbTemplateHigh"/>
			<item group="groupApparelClothes" loot_prob_template="FuriousRamsayProbTemplateLow"/>
			<item group="groupArmorScaled" loot_prob_template="FuriousRamsayProbTemplateHigh"/>
		</lootgroup>

		<lootgroup name="FuriousRamsayGroupBlackShieldCaptainAlive" count="1">
			<item group="groupAmmoRegular" loot_prob_template="FuriousRamsayProbTemplateLow"/>
			<item group="groupAmmoAdvanced" loot_prob_template="FuriousRamsayProbTemplateHigh"/>
			<!--<item group="groupTreasureMaps" loot_prob_template="FuriousRamsayProbTemplateTreasure"/>-->
		</lootgroup>

		<lootgroup name="FuriousRamsayGroupBlackShieldBanditAlive" count="1">
			<item name="casinoCoin" count="10,20" loot_prob_template="FuriousRamsayProbTemplateLow"/>
			<item name="casinoCoin" count="25,50" loot_prob_template="FuriousRamsayProbTemplateHigh"/>
		</lootgroup>

		<lootgroup name="FuriousRamsayGroupBlackShieldBossDeathItemsTier1">
			<item name="casinoCoin" count="150,500" prob="0.8"/>
			<item name="qc_FuriousRamsayResetPOI" prob="0.2"/>
		</lootgroup>

		<lootgroup name="FuriousRamsayGroupBlackShieldBossDeathItemsTier2">
			<item name="casinoCoin" count="300,800" prob="0.7"/>
			<item name="qc_FuriousRamsayResetPOI" prob="0.3"/>
		</lootgroup>

		<lootgroup name="FuriousRamsayGroupBlackShieldBossDeathItemsTier3">
			<item name="casinoCoin" count="500,1200" prob="0.6"/>
			<item name="qc_FuriousRamsayResetPOI" prob="0.4"/>
		</lootgroup>

		<lootgroup name="FuriousRamsayGroupBlackShieldBossDeathItemsTier4">
			<item name="casinoCoin" count="750,1500" prob="0.5"/>
			<item name="qc_FuriousRamsayResetPOI" prob="0.5"/>
		</lootgroup>

		<lootgroup name="FuriousRamsayGroupBlackShieldBossDeathItemsTier5">
			<item name="casinoCoin" count="1000,2000" prob="0.4"/>
			<item name="qc_FuriousRamsayResetPOI" prob="0.6"/>
		</lootgroup>

		<lootgroup name="FuriousRamsayGroupBlackShieldBossDeathArmorTier1" count="all">
			<item name="armorClothHat" count="1"/>
			<item name="armorClothJacket" count="1"/>
			<item name="armorClothGloves" count="1"/>
			<item name="armorClothPants" count="1"/>
			<item name="armorClothBoots" count="1"/>
		</lootgroup>

		<lootgroup name="FuriousRamsayGroupBlackShieldBossDeathArmorTier2" count="all">
			<item name="armorLeatherHood" count="1"/>
			<item name="armorLeatherChest" count="1"/>
			<item name="armorLeatherGloves" count="1"/>
			<item name="armorLeatherPants" count="1"/>
			<item name="armorLeatherBoots" count="1"/>
		</lootgroup>

		<lootgroup name="FuriousRamsayGroupBlackShieldBossDeathArmorTier3" count="all">
			<item name="armorScrapHelmet" count="1"/>
			<item name="armorScrapChest" count="1"/>
			<item name="armorScrapGloves" count="1"/>
			<item name="armorScrapLegs" count="1"/>
			<item name="armorScrapBoots" count="1"/>
		</lootgroup>

		<lootgroup name="FuriousRamsayGroupBlackShieldBossDeathArmorTier4" count="all">
			<item name="armorIronHelmet" count="1"/>
			<item name="armorIronChest" count="1"/>
			<item name="armorIronGloves" count="1"/>
			<item name="armorIronLegs" count="1"/>
			<item name="armorIronBoots" count="1"/>
		</lootgroup>

		<lootgroup name="FuriousRamsayGroupBlackShieldBossDeathArmorTier5" count="all">
			<item name="armorSteelHelmet" count="1"/>
			<item name="armorSteelChest" count="1"/>
			<item name="armorSteelGloves" count="1"/>
			<item name="armorSteelLegs" count="1"/>
			<item name="armorSteelBoots" count="1"/>
		</lootgroup>

		<lootgroup name="FuriousRamsayGroupBlackShieldBossDeathTier1" count="all">
			<item group="FuriousRamsayGroupBlackShieldBossDeathArmorTier1"/>
			<item group="FuriousRamsayGroupBlackShieldBossDeathItemsTier1"/>
		</lootgroup>

		<lootgroup name="FuriousRamsayGroupBlackShieldBossDeathTier2" count="all">
			<item group="FuriousRamsayGroupBlackShieldBossDeathArmorTier2" prob="1"/>
			<item group="FuriousRamsayGroupBlackShieldBossDeathItemsTier2" prob="1"/>
		</lootgroup>

		<lootgroup name="FuriousRamsayGroupBlackShieldBossDeathTier3" count="all">
			<item group="FuriousRamsayGroupBlackShieldBossDeathArmorTier3" prob="1"/>
			<item group="FuriousRamsayGroupBlackShieldBossDeathItemsTier3" prob="1"/>
		</lootgroup>

		<lootgroup name="FuriousRamsayGroupBlackShieldBossDeathTier4" count="all">
			<item group="FuriousRamsayGroupBlackShieldBossDeathArmorTier4" prob="1"/>
			<item group="FuriousRamsayGroupBlackShieldBossDeathItemsTier4" prob="1"/>
		</lootgroup>

		<lootgroup name="FuriousRamsayGroupBlackShieldBossDeathTier5" count="all">
			<item group="FuriousRamsayGroupBlackShieldBossDeathArmorTier5" prob="1"/>
			<item group="FuriousRamsayGroupBlackShieldBossDeathItemsTier5" prob="1"/>
		</lootgroup>
		
		<!-- All Terrain Vehicle Storage -->
		<lootcontainer id="809" count="0" size="10,9" sound_open="UseActions/open_shopping_basket" open_time="0" sound_close="UseActions/close_shopping_basket" loot_quality_template="qualBaseTemplate">
		</lootcontainer>

		<lootcontainer id="810" size="4,2" sound_open="UseActions/open_corpse" sound_close="UseActions/close_corpse" open_time="1" destroy_on_close="false">
			<item group="FuriousRamsayGroupBlackShieldCaptainAlive" />
		</lootcontainer>

		<lootcontainer id="811" size="4,2" sound_open="UseActions/open_backpack" sound_close="UseActions/close_backpack" open_time="1.5" destroy_on_close="false">
			<item group="FuriousRamsayGroupBlackShieldCaptainDead"/>	
		</lootcontainer>

		<lootcontainer id="812" size="4,2" sound_open="UseActions/open_corpse" sound_close="UseActions/close_corpse" open_time="1" destroy_on_close="false">
			<item group="FuriousRamsayGroupBlackShieldBanditAlive" />
		</lootcontainer>

		<lootcontainer id="813" size="3,2" sound_open="UseActions/open_corpse" sound_close="UseActions/close_corpse" open_time="1" destroy_on_close="false">
			<item group="FuriousRamsayGroupBlackShieldBossDeathTier1" />
		</lootcontainer>

		<lootcontainer id="814" size="3,2" sound_open="UseActions/open_corpse" sound_close="UseActions/close_corpse" open_time="1" destroy_on_close="false">
			<item group="FuriousRamsayGroupBlackShieldBossDeathTier2" />
		</lootcontainer>

		<lootcontainer id="815" size="3,2" sound_open="UseActions/open_corpse" sound_close="UseActions/close_corpse" open_time="1" destroy_on_close="false">
			<item group="FuriousRamsayGroupBlackShieldBossDeathTier3" />
		</lootcontainer>

		<lootcontainer id="816" size="3,2" sound_open="UseActions/open_corpse" sound_close="UseActions/close_corpse" open_time="1" destroy_on_close="false">
			<item group="FuriousRamsayGroupBlackShieldBossDeathTier4" />
		</lootcontainer>

		<lootcontainer id="817" size="3,2" sound_open="UseActions/open_corpse" sound_close="UseActions/close_corpse" open_time="1" destroy_on_close="false">
			<item group="FuriousRamsayGroupBlackShieldBossDeathTier5" />
		</lootcontainer>

	</append>
    
</Config>