<Config>

	<append xpath="/spawning/biome[@name='pine_forest']">

		<spawn maxcount="1" respawndelay="999" time="Any" entitygroup="FuriousRamsayBlackShieldTraders" spawnDeadChance="0" />
		
	</append>
		
	<append xpath="/spawning/biome[@name='burnt_forest']">

		<spawn maxcount="1" respawndelay="999" time="Any" entitygroup="FuriousRamsayBlackShieldTraders" spawnDeadChance="0" />
		
	</append>

	<append xpath="/spawning/biome[@name='desert']">

		<spawn maxcount="1" respawndelay="999" time="Any" entitygroup="FuriousRamsayBlackShieldTraders" spawnDeadChance="0" />
		
	</append>

	<append xpath="/spawning/biome[@name='wasteland']">

		<spawn maxcount="1" respawndelay="999" time="Any" entitygroup="FuriousRamsayBlackShieldTraders" spawnDeadChance="0" />
		
	</append>

	<append xpath="/spawning/biome[@name='snow']">

		<spawn maxcount="1" respawndelay="999" time="Any" entitygroup="FuriousRamsayBlackShieldTraders" spawnDeadChance="0" />
		
	</append>

</Config>