<Config>

	<append xpath="/blocks">

		<!--<block name="cntFuriousRamsayDig">
			<property name="Group" value="Building,advBuilding"/>
			<property name="Tags" value="safes,door,hardenedSafe"/>
			<property name="Class" value="SecureLoot"/>
			<property name="DisplayType" value="blockHardenedMulti"/>
			<property name="Material" value="Mmetal_hard"/>
			<property name="MaxDamage" value="999999"/>
			<property name="Shape" value="ModelEntity"/>
			<property name="Model" value="#Entities/LootContainers?super_chestPrefab.prefab"/>
			<property name="ModelOffset" value=".5,.5,0"/>
			<property name="MultiBlockDim" value="2,1,1"/>
			<property name="AllowAllRotations" value="true"/>
			<property name="ImposterExchange" value="imposterBlock" param1="115"/>
			<property name="Path" value="solid"/>
			<property name="Place" value="TowardsPlacerInverted"/>
			<property name="LootList" value="102"/>
			<property name="DowngradeBlock" value="cntHardenedChestInsecure"/>
			<property name="LockPickItem" value="resourceFuriousRamsayLockPick"/>
			<property name="LockPickTime" value="10"/>
			<property name="LockPickBreakChance" value="0"/>
			<property class="RepairItems"> <property name="resourceForgedIron" value="60"/> </property>
			<drop event="Destroy" count="0"/>
			<drop event="Fall" name="scrapMetalPile" count="1" prob="0.75" stick_chance="1"/>
			<property name="EconomicValue" value="690"/>
			<property name="FilterTags" value="floot,ffurniture"/>
		</block>-->

		<block name="cntFuriousRamsayBuriedChest">
			<property name="Extends" value="cntLootChestHeroInsecure" param1="DescriptionKey"/>
			<property name="CustomIcon" value="cntHardenedChestSecure"/>
			<property name="MaxDamage" value="999999"/>
			<property name="Shape" value="ModelEntity"/>
			<property name="Model" value="#Entities/LootContainers?super_chestPrefab.prefab"/>
			<property name="ModelOffset" value=".5,.5,0"/>
			<property name="MultiBlockDim" value="2,1,1"/>
			<property name="CustomIcon" value="cntLootChestHero"/>
			<property name="CustomIconTint" value="80ff80"/>
			<property name="Class" value="QuestLoot"/>
			<property name="LootList" value="102"/>
			<property name="CreativeMode" value="Dev"/>
			<property name="Tags" value="buriedTreasure"/>
		</block>

	</append>

</Config>