<Config>

	<append xpath="/items">

		<item name="FuriousRamsayNoteMaster">
			<property name="Extends" value="questMaster"/>
			<property name="CreativeMode" value="None"/>
			<property name="DescriptionKey" value="qc_NoteGroupDesc"/>
			<property name="CustomIcon" value="questMaster"/>
			<property name="EconomicValue" value="100"/>
			<property name="Stacknumber" value="100"/>
			<property name="TintColor" value="255,255,255"/>
		</item>

		<item name="FuriousRamsayChallengeQuestMaster">
			<property name="Extends" value="questMaster"/>
			<property name="CreativeMode" value="None"/>
			<property name="DescriptionKey" value="qc_FuriousRamsayChallengeDesc"/>
			<property name="CustomIcon" value="challengeQuestMaster"/>
			<property name="EconomicValue" value="100"/>
		</item>

		<item name="qc_FuriousStealTechTier1">
			<property name="Extends" value="FuriousRamsayChallengeQuestMaster"/>
			<property name="DescriptionKey" value="qc_FuriousStealTechDesc"/>
			<property name="SellableToTrader" value="false"/>
			<property name="Candrop" value="true"/>
			<property name="Stacknumber" value="1"/>
			<property class="Action0">
				<property name="QuestGiven" value="quest_FuriousRamsayTier1_StealTech"/>
			</property>
		</item>

		<item name="qc_FuriousStealTechTier2">
			<property name="Extends" value="FuriousRamsayChallengeQuestMaster"/>
			<property name="DescriptionKey" value="qc_FuriousStealTechDesc"/>
			<property name="SellableToTrader" value="false"/>
			<property name="Candrop" value="true"/>
			<property name="Stacknumber" value="1"/>
			<property class="Action0">
				<property name="QuestGiven" value="quest_FuriousRamsayTier2_StealTech"/>
			</property>
		</item>

		<item name="qc_FuriousStealTechTier3">
			<property name="Extends" value="FuriousRamsayChallengeQuestMaster"/>
			<property name="DescriptionKey" value="qc_FuriousStealTechDesc"/>
			<property name="SellableToTrader" value="false"/>
			<property name="Candrop" value="true"/>
			<property name="Stacknumber" value="1"/>
			<property class="Action0">
				<property name="QuestGiven" value="quest_FuriousRamsayTier3_StealTech"/>
			</property>
		</item>

		<item name="qc_FuriousStealTechTier4">
			<property name="Extends" value="FuriousRamsayChallengeQuestMaster"/>
			<property name="DescriptionKey" value="qc_FuriousStealTechDesc"/>
			<property name="SellableToTrader" value="false"/>
			<property name="Candrop" value="true"/>
			<property name="Stacknumber" value="1"/>
			<property class="Action0">
				<property name="QuestGiven" value="quest_FuriousRamsayTier4_StealTech"/>
			</property>
		</item>

		<item name="qc_FuriousStealTechTier5">
			<property name="Extends" value="FuriousRamsayChallengeQuestMaster"/>
			<property name="DescriptionKey" value="qc_FuriousStealTechDesc"/>
			<property name="SellableToTrader" value="false"/>
			<property name="Candrop" value="true"/>
			<property name="Stacknumber" value="1"/>
			<property class="Action0">
				<property name="QuestGiven" value="quest_FuriousRamsayTier5_StealTech"/>
			</property>
		</item>

		<item name="qt_FuriousStealTechTier1">
			<property name="Extends" value="treasureQuestMaster"/>
			<property name="DescriptionKey" value="qt_FuriousStealTechDesc"/>
			<property name="SellableToTrader" value="false"/>
			<property name="Candrop" value="true"/>
			<property name="Stacknumber" value="1"/>
			<property class="Action0">
				<property name="QuestGiven" value="quest_FuriousRamsayTier1_StealTechDig"/>
			</property>
			<property name="TintColor" value="240, 165, 158"/>
			<property name="CustomIconTint" value="240, 165, 158"/>
		</item>

		<item name="qt_FuriousStealTechTier2">
			<property name="Extends" value="treasureQuestMaster"/>
			<property name="DescriptionKey" value="qt_FuriousStealTechDesc"/>
			<property name="SellableToTrader" value="false"/>
			<property name="Candrop" value="true"/>
			<property name="Stacknumber" value="1"/>
			<property class="Action0">
				<property name="QuestGiven" value="quest_FuriousRamsayTier2_StealTechDig"/>
			</property>
			<property name="TintColor" value="222, 137, 129"/>
			<property name="CustomIconTint" value="222, 137, 129"/>
		</item>

		<item name="qt_FuriousStealTechTier3">
			<property name="Extends" value="treasureQuestMaster"/>
			<property name="DescriptionKey" value="qt_FuriousStealTechDesc"/>
			<property name="SellableToTrader" value="false"/>
			<property name="Candrop" value="true"/>
			<property name="Stacknumber" value="1"/>
			<property class="Action0">
				<property name="QuestGiven" value="quest_FuriousRamsayTier3_StealTechDig"/>
			</property>
			<property name="TintColor" value="207, 111, 101"/>
			<property name="CustomIconTint" value="207, 111, 101"/>
		</item>

		<item name="qt_FuriousStealTechTier4">
			<property name="Extends" value="treasureQuestMaster"/>
			<property name="DescriptionKey" value="qt_FuriousStealTechDesc"/>
			<property name="SellableToTrader" value="false"/>
			<property name="Candrop" value="true"/>
			<property name="Stacknumber" value="1"/>
			<property class="Action0">
				<property name="QuestGiven" value="quest_FuriousRamsayTier4_StealTechDig"/>
			</property>
			<property name="TintColor" value="186, 84, 73"/>
			<property name="CustomIconTint" value="186, 84, 73"/>
		</item>

		<item name="qt_FuriousStealTechTier5">
			<property name="Extends" value="treasureQuestMaster"/>
			<property name="DescriptionKey" value="qt_FuriousStealTechDesc"/>
			<property name="SellableToTrader" value="false"/>
			<property name="Candrop" value="true"/>
			<property name="Stacknumber" value="1"/>
			<property class="Action0">
				<property name="QuestGiven" value="quest_FuriousRamsayTier5_StealTechDig"/>
			</property>
			<property name="TintColor" value="171, 63, 51"/>
			<property name="CustomIconTint" value="171, 63, 51"/>
		</item>

		<item name="qc_FuriousRamsayTraderWarsHuntNote">
			<property name="DescriptionKey" value="qc_FuriousRamsayTraderWarsHuntNoteDesc"/>
			<property name="Extends" value="FuriousRamsayNoteMaster"/>
			<property name="EconomicValue" value="50"/>
			<property name="Weight" value="50"/>
			<property name="Candrop" value="true"/>
			<property name="SellableToTrader" value="false"/>
			<property name="TintColor" value="162, 220, 245"/>
			<property name="CustomIconTint" value="a2dcf5"/>
		</item>

		<item name="qc_FuriousRamsayTraderWarsGhostNote">
			<property name="DescriptionKey" value="qc_FuriousRamsayTraderWarsHuntNoteDesc"/>
			<property name="Extends" value="FuriousRamsayNoteMaster"/>
			<property name="EconomicValue" value="50"/>
			<property name="Weight" value="50"/>
			<property name="Candrop" value="true"/>
			<property name="SellableToTrader" value="false"/>
			<property name="TintColor" value="162, 220, 245"/>
			<property name="CustomIconTint" value="a2dcf5"/>
		</item>

		<item name="qc_FuriousRamsayTraderWarsProtectNote">
			<property name="DescriptionKey" value="qc_FuriousRamsayTraderWarsHuntNoteDesc"/>
			<property name="Extends" value="FuriousRamsayNoteMaster"/>
			<property name="EconomicValue" value="50"/>
			<property name="Weight" value="50"/>
			<property name="Candrop" value="true"/>
			<property name="SellableToTrader" value="false"/>
			<property name="TintColor" value="162, 220, 245"/>
			<property name="CustomIconTint" value="a2dcf5"/>
		</item>
		
		<item name="qc_FuriousRamsayTraderWarsBlackShieldTitansNote">
			<property name="DescriptionKey" value="qc_FuriousRamsayTraderWarsHuntNoteDesc"/>
			<property name="Extends" value="FuriousRamsayNoteMaster"/>
			<property name="EconomicValue" value="50"/>
			<property name="Weight" value="50"/>
			<property name="Candrop" value="true"/>
			<property name="SellableToTrader" value="false"/>
			<property name="TintColor" value="162, 220, 245"/>
			<property name="CustomIconTint" value="a2dcf5"/>
		</item>

		<item name="qc_FuriousRamsayTraderWarsHordeNote">
			<property name="DescriptionKey" value="qc_FuriousRamsayTraderWarsHuntNoteDesc"/>
			<property name="Extends" value="FuriousRamsayNoteMaster"/>
			<property name="EconomicValue" value="50"/>
			<property name="Weight" value="50"/>
			<property name="Candrop" value="true"/>
			<property name="SellableToTrader" value="false"/>
			<property name="TintColor" value="162, 220, 245"/>
			<property name="CustomIconTint" value="a2dcf5"/>
		</item>

		<item name="qc_FuriousRamsayResetPOI">
			<property name="DescriptionKey" value="qc_FuriousRamsayResetPOIDesc"/>
			<property name="Extends" value="FuriousRamsayNoteMaster"/>
			<property name="CustomIcon" value="questRallyMarker"/>
			<property name="EconomicValue" value="5000"/>
			<property name="Weight" value="50"/>
			<property name="Candrop" value="true"/>
			<property name="SellableToTrader" value="false"/>
			<!--<property class="Action0">
				<property name="UseAnimation" value="false"/>
				<property name="QuestGiven" value="quest_FuriousRamsayResetPOI"/>
			</property>-->
			<!--<property name="TintColor" value="162, 220, 245"/>
			<property name="CustomIconTint" value="a2dcf5"/>-->
		</item>

		<item name="qc_FuriousRamsayTier1_BlackShieldBoss">
			<property name="DescriptionKey" value="qc_FuriousRamsay_BlackShieldBossDesc"/>
			<property name="Extends" value="FuriousRamsayChallengeQuestMaster"/>
			<property name="EconomicValue" value="100"/>
			<property name="Weight" value="50"/>
			<property name="Candrop" value="true"/>
			<property name="SellableToTrader" value="false"/>
			<property class="Action0">
				<property name="UseAnimation" value="false"/>
				<property name="QuestGiven" value="quest_FuriousRamsayTier1_BlackShieldBoss"/>
			</property>
			<property name="TintColor" value="170, 110, 212"/>
			<property name="CustomIconTint" value="aa6ed4"/>
		</item>

		<item name="qc_FuriousRamsayTier2_BlackShieldBoss">
			<property name="DescriptionKey" value="qc_FuriousRamsay_BlackShieldBossDesc"/>
			<property name="Extends" value="FuriousRamsayChallengeQuestMaster"/>
			<property name="EconomicValue" value="250"/>
			<property name="Weight" value="50"/>
			<property name="Candrop" value="true"/>
			<property name="SellableToTrader" value="false"/>
			<property class="Action0">
				<property name="UseAnimation" value="false"/>
				<property name="QuestGiven" value="quest_FuriousRamsayTier2_BlackShieldBoss"/>
			</property>
			<property name="TintColor" value="139, 71, 186"/>
			<property name="CustomIconTint" value="8b47ba"/>
		</item>

		<item name="qc_FuriousRamsayTier3_BlackShieldBoss">
			<property name="DescriptionKey" value="qc_FuriousRamsay_BlackShieldBossDesc"/>
			<property name="Extends" value="FuriousRamsayChallengeQuestMaster"/>
			<property name="EconomicValue" value="500"/>
			<property name="Weight" value="50"/>
			<property name="Candrop" value="true"/>
			<property name="SellableToTrader" value="false"/>
			<property class="Action0">
				<property name="UseAnimation" value="false"/>
				<property name="QuestGiven" value="quest_FuriousRamsayTier3_BlackShieldBoss"/>
			</property>
			<property name="TintColor" value="117, 42, 168"/>
			<property name="CustomIconTint" value="752aa8"/>
		</item>

		<item name="qc_FuriousRamsayTier4_BlackShieldBoss">
			<property name="DescriptionKey" value="qc_FuriousRamsay_BlackShieldBossDesc"/>
			<property name="Extends" value="FuriousRamsayChallengeQuestMaster"/>
			<property name="EconomicValue" value="750"/>
			<property name="Weight" value="50"/>
			<property name="Candrop" value="true"/>
			<property name="SellableToTrader" value="false"/>
			<property class="Action0">
				<property name="UseAnimation" value="false"/>
				<property name="QuestGiven" value="quest_FuriousRamsayTier4_BlackShieldBoss"/>
			</property>
			<property name="TintColor" value="86, 17, 133"/>
			<property name="CustomIconTint" value="561185"/>
		</item>

		<item name="qc_FuriousRamsayTier5_BlackShieldBoss">
			<property name="DescriptionKey" value="qc_FuriousRamsay_BlackShieldBossDesc"/>
			<property name="Extends" value="FuriousRamsayChallengeQuestMaster"/>
			<property name="EconomicValue" value="1000"/>
			<property name="Weight" value="50"/>
			<property name="Candrop" value="true"/>
			<property name="SellableToTrader" value="false"/>
			<property class="Action0">
				<property name="UseAnimation" value="false"/>
				<property name="QuestGiven" value="quest_FuriousRamsayTier5_BlackShieldBoss"/>
			</property>
			<property name="TintColor" value="63, 1, 105"/>
			<property name="CustomIconTint" value="3f0169"/>
		</item>

		<item name="qc_FuriousRamsayTier1_Defend">
			<property name="DescriptionKey" value="qc_FuriousRamsayTier1_Defend"/>
			<property name="Extends" value="FuriousRamsayChallengeQuestMaster"/>
			<property name="EconomicValue" value="50"/>
			<property name="Weight" value="50"/>
			<property name="Candrop" value="true"/>
			<property name="SellableToTrader" value="false"/>
			<property class="Action0">
				<property name="UseAnimation" value="false"/>
				<property name="QuestGiven" value="quest_FuriousRamsayTier1_Defend"/>
			</property>
		</item>

		<item name="qc_FuriousRamsayTier2_Defend">
			<property name="DescriptionKey" value="qc_FuriousRamsayTier2_Defend"/>
			<property name="Extends" value="FuriousRamsayChallengeQuestMaster"/>
			<property name="EconomicValue" value="50"/>
			<property name="Weight" value="50"/>
			<property name="Candrop" value="true"/>
			<property name="SellableToTrader" value="false"/>
			<property class="Action0">
				<property name="UseAnimation" value="false"/>
				<property name="QuestGiven" value="quest_FuriousRamsayTier2_Defend"/>
			</property>
		</item>

		<item name="qc_FuriousRamsayTier3_Defend">
			<property name="DescriptionKey" value="qc_FuriousRamsayTier3_Defend"/>
			<property name="Extends" value="FuriousRamsayChallengeQuestMaster"/>
			<property name="EconomicValue" value="50"/>
			<property name="Weight" value="50"/>
			<property name="Candrop" value="true"/>
			<property name="SellableToTrader" value="false"/>
			<property class="Action0">
				<property name="UseAnimation" value="false"/>
				<property name="QuestGiven" value="quest_FuriousRamsayTier3_Defend"/>
			</property>
		</item>

		<item name="qc_FuriousRamsayTier4_Defend">
			<property name="DescriptionKey" value="qc_FuriousRamsayTier4_Defend"/>
			<property name="Extends" value="FuriousRamsayChallengeQuestMaster"/>
			<property name="EconomicValue" value="50"/>
			<property name="Weight" value="50"/>
			<property name="Candrop" value="true"/>
			<property name="SellableToTrader" value="false"/>
			<property class="Action0">
				<property name="UseAnimation" value="false"/>
				<property name="QuestGiven" value="quest_FuriousRamsayTier4_Defend"/>
			</property>
		</item>

		<item name="qc_FuriousRamsayTier5_Defend">
			<property name="DescriptionKey" value="qc_FuriousRamsayTier5_Defend"/>
			<property name="Extends" value="FuriousRamsayChallengeQuestMaster"/>
			<property name="EconomicValue" value="50"/>
			<property name="Weight" value="50"/>
			<property name="Candrop" value="true"/>
			<property name="SellableToTrader" value="false"/>
			<property class="Action0">
				<property name="UseAnimation" value="false"/>
				<property name="QuestGiven" value="quest_FuriousRamsayTier5_Defend"/>
			</property>
		</item>

		<item name="qc_FuriousRamsayGhostsTier1">
			<property name="DescriptionKey" value="qc_FuriousRamsayGhostsTier1Desc"/>
			<property name="Extends" value="FuriousRamsayChallengeQuestMaster"/>
			<property name="EconomicValue" value="50"/>
			<property name="Weight" value="50"/>
			<property name="Candrop" value="true"/>
			<property name="SellableToTrader" value="false"/>
			<property class="Action0">
				<property name="UseAnimation" value="false"/>
				<property name="QuestGiven" value="challenge_FuriousRamsayGhostsTier1"/>
			</property>
			<property name="TintColor" value="223, 113, 240"/>
			<property name="CustomIconTint" value="df71f0"/>
		</item>

		<item name="qc_FuriousRamsayGhostsTier2">
			<property name="DescriptionKey" value="qc_FuriousRamsayGhostsTier2Desc"/>
			<property name="Extends" value="FuriousRamsayChallengeQuestMaster"/>
			<property name="EconomicValue" value="100"/>
			<property name="Weight" value="50"/>
			<property name="Candrop" value="true"/>
			<property name="SellableToTrader" value="false"/>
			<property class="Action0">
				<property name="UseAnimation" value="false"/>
				<property name="QuestGiven" value="challenge_FuriousRamsayGhostsTier2"/>
			</property>
			<property name="TintColor" value="196, 81, 214"/>
			<property name="CustomIconTint" value="c451d6"/>
		</item>

		<item name="qc_FuriousRamsayGhostsTier3">
			<property name="DescriptionKey" value="qc_FuriousRamsayGhostsTier3Desc"/>
			<property name="Extends" value="FuriousRamsayChallengeQuestMaster"/>
			<property name="EconomicValue" value="200"/>
			<property name="Weight" value="50"/>
			<property name="Candrop" value="true"/>
			<property name="SellableToTrader" value="false"/>
			<property class="Action0">
				<property name="UseAnimation" value="false"/>
				<property name="QuestGiven" value="challenge_FuriousRamsayGhostsTier3"/>
			</property>
			<property name="TintColor" value="170, 49, 189"/>
			<property name="CustomIconTint" value="aa31bd"/>
		</item>

		<item name="qc_FuriousRamsayGhostsTier4">
			<property name="DescriptionKey" value="qc_FuriousRamsayGhostsTier4Desc"/>
			<property name="Extends" value="FuriousRamsayChallengeQuestMaster"/>
			<property name="EconomicValue" value="400"/>
			<property name="Weight" value="50"/>
			<property name="Candrop" value="true"/>
			<property name="SellableToTrader" value="false"/>
			<property class="Action0">
				<property name="UseAnimation" value="false"/>
				<property name="QuestGiven" value="challenge_FuriousRamsayGhostsTier4"/>
			</property>
			<property name="TintColor" value="147, 22, 166"/>
			<property name="CustomIconTint" value="9316a6"/>
		</item>

		<item name="qc_FuriousRamsayGhostsTier5">
			<property name="DescriptionKey" value="qc_FuriousRamsayGhostsTier5Desc"/>
			<property name="Extends" value="FuriousRamsayChallengeQuestMaster"/>
			<property name="EconomicValue" value="625"/>
			<property name="Weight" value="50"/>
			<property name="Candrop" value="true"/>
			<property name="SellableToTrader" value="false"/>
			<property class="Action0">
				<property name="UseAnimation" value="false"/>
				<property name="QuestGiven" value="challenge_FuriousRamsayGhostsTier5"/>
			</property>
			<property name="TintColor" value="125, 3, 143"/>
			<property name="CustomIconTint" value="7d038f"/>
		</item>

		<item name="FuriousRamsaySpawnAllyDogTier1">
			<property name="Tags" value="robot"/>
			<property name="CustomIcon" value="cntHardenedChestSecure"/>
			<property name="HoldingItemHidden" value="true"/>
			<property name="DisplayType" value="meleeTurret"/>
			<property name="HoldType" value="73"/>
			<property name="Meshfile" value="#Other/Items?Misc/snowballPrefab.prefab"/>
			<property name="DropMeshfile" value="#Other/Items?Misc/sack_droppedPrefab.prefab"/>
			<property name="Material" value="Mmetal"/>
			<property name="Weight" value="0"/>
			<property name="CarryWeight" value="30"/>
			<property name="Stacknumber" value="1"/>
			<property name="SellableToTrader" value="false"/>
			<property name="EconomicValue" value="250"/>
			<property name="Candrop" value="true"/>
			<property class="Action0">
				<property name="Class" value="SpawnTurret"/>
				<property name="Turret" value="FuriousRamsayAllyDogTier1Spawn"/>
				<property name="PreviewSize" value="1.4,1.4,1.4"/>
			</property>
			<effect_group name="FuriousRamsaySpawnAllyDogTier1">
				<passive_effect name="EntityDamage" operation="base_set" value="9"/>
				<passive_effect name="BlockDamage" operation="base_set" value="15"/>
				<passive_effect name="RoundsPerMinute" operation="base_set" value="40"/>
				<passive_effect name="DegradationMax" operation="base_set" value="200"/>
			</effect_group>
			<property name="CustomIconTint" value="217, 0, 255"/>
		</item>

		<item name="FuriousRamsaySpawnAllyWolfTier2">
			<property name="Tags" value="robot"/>
			<property name="CustomIcon" value="cntHardenedChestSecure"/>
			<property name="HoldingItemHidden" value="true"/>
			<property name="DisplayType" value="meleeTurret"/>
			<property name="HoldType" value="73"/>
			<property name="Meshfile" value="#Other/Items?Misc/snowballPrefab.prefab"/>
			<property name="DropMeshfile" value="#Other/Items?Misc/sack_droppedPrefab.prefab"/>
			<property name="Material" value="Mmetal"/>
			<property name="Weight" value="0"/>
			<property name="CarryWeight" value="40"/>
			<property name="Stacknumber" value="1"/>
			<property name="SellableToTrader" value="false"/>
			<property name="EconomicValue" value="500"/>
			<property name="Candrop" value="true"/>
			<property class="Action0">
				<property name="Class" value="SpawnTurret"/>
				<property name="Turret" value="FuriousRamsayAllyWolfTier2Spawn"/>
				<property name="PreviewSize" value="1.4,1.4,1.4"/>
			</property>
			<effect_group name="FuriousRamsaySpawnAllyWolfTier2">
				<passive_effect name="EntityDamage" operation="base_set" value="14"/>
				<passive_effect name="BlockDamage" operation="base_set" value="30"/>
				<passive_effect name="RoundsPerMinute" operation="base_set" value="46"/>
				<passive_effect name="DegradationMax" operation="base_set" value="300"/>
			</effect_group>
			<property name="CustomIconTint" value="255, 66, 76"/>
		</item>

		<item name="FuriousRamsaySpawnAllyLionTier3">
			<property name="Tags" value="robot"/>
			<property name="CustomIcon" value="cntHardenedChestSecure"/>
			<property name="HoldingItemHidden" value="true"/>
			<property name="DisplayType" value="meleeTurret"/>
			<property name="HoldType" value="73"/>
			<property name="Meshfile" value="#Other/Items?Misc/snowballPrefab.prefab"/>
			<property name="DropMeshfile" value="#Other/Items?Misc/sack_droppedPrefab.prefab"/>
			<property name="Material" value="Mmetal"/>
			<property name="Weight" value="0"/>
			<property name="CarryWeight" value="50"/>
			<property name="Stacknumber" value="1"/>
			<property name="SellableToTrader" value="false"/>
			<property name="EconomicValue" value="1000"/>
			<property name="Candrop" value="true"/>
			<property class="Action0">
				<property name="Class" value="SpawnTurret"/>
				<property name="Turret" value="FuriousRamsayAllyLionTier3Spawn"/>
				<property name="PreviewSize" value="1.4,1.4,1.4"/>
			</property>
			<effect_group name="FuriousRamsaySpawnAllyLionTier3">
				<passive_effect name="EntityDamage" operation="base_set" value="25"/>
				<passive_effect name="BlockDamage" operation="base_set" value="45"/>
				<passive_effect name="RoundsPerMinute" operation="base_set" value="54"/>
				<passive_effect name="DegradationMax" operation="base_set" value="600"/>
			</effect_group>
			<property name="CustomIconTint" value="5, 247, 110"/>		
		</item>

		<item name="FuriousRamsaySpawnAllyBearTier4">
			<property name="Tags" value="robot"/>
			<property name="CustomIcon" value="cntHardenedChestSecure"/>
			<property name="HoldingItemHidden" value="true"/>
			<property name="DisplayType" value="meleeTurret"/>
			<property name="HoldType" value="73"/>
			<property name="Meshfile" value="#Other/Items?Misc/snowballPrefab.prefab"/>
			<property name="DropMeshfile" value="#Other/Items?Misc/sack_droppedPrefab.prefab"/>
			<property name="Material" value="Mmetal"/>
			<property name="Weight" value="0"/>
			<property name="CarryWeight" value="80"/>
			<property name="Stacknumber" value="1"/>
			<property name="SellableToTrader" value="false"/>
			<property name="EconomicValue" value="1250"/>
			<property name="Candrop" value="true"/>
			<property class="Action0">
				<property name="Class" value="SpawnTurret"/>
				<property name="Turret" value="FuriousRamsayAllyBearTier4Spawn"/>
				<property name="PreviewSize" value="1.4,1.4,1.4"/>
			</property>
			<effect_group name="FuriousRamsaySpawnAllyBearTier4">
				<passive_effect name="EntityDamage" operation="base_set" value="40"/>
				<passive_effect name="BlockDamage" operation="base_set" value="60"/>
				<passive_effect name="RoundsPerMinute" operation="base_set" value="66"/>
				<passive_effect name="DegradationMax" operation="base_set" value="900"/>
			</effect_group>
			<property name="CustomIconTint" value="0, 153, 255"/>		
		</item>

		<item name="FuriousRamsaySpawnAllyNPCTier5">
			<property name="Tags" value="robot"/>
			<property name="CustomIcon" value="cntHardenedChestSecure"/>
			<property name="HoldingItemHidden" value="true"/>
			<property name="DisplayType" value="meleeTurret"/>
			<property name="HoldType" value="73"/>
			<property name="Meshfile" value="#Other/Items?Misc/snowballPrefab.prefab"/>
			<property name="DropMeshfile" value="#Other/Items?Misc/sack_droppedPrefab.prefab"/>
			<property name="Material" value="Mmetal"/>
			<property name="Weight" value="0"/>
			<property name="CarryWeight" value="40"/>
			<property name="Stacknumber" value="1"/>
			<property name="SellableToTrader" value="false"/>
			<property name="EconomicValue" value="1500"/>
			<property name="Candrop" value="true"/>
			<property class="Action0">
				<property name="Class" value="SpawnTurret"/>
				<property name="Turret" value="FuriousRamsayAllyNPCTier5Spawn"/>
				<property name="PreviewSize" value="1.4,1.4,1.4"/>
			</property>
			<effect_group name="FuriousRamsaySpawnAllyNPCTier5">
				<passive_effect name="EntityDamage" operation="base_set" value="65"/>
				<passive_effect name="BlockDamage" operation="base_set" value="75"/>
				<passive_effect name="RoundsPerMinute" operation="base_set" value="85"/>
				<passive_effect name="DegradationMax" operation="base_set" value="1000"/>
			</effect_group>
			<property name="CustomIconTint" value="255, 255, 0"/>
		</item>

		<item name="qc_FuriousRamsayTier1_clearhold">
			<property name="Extends" value="FuriousRamsayChallengeQuestMaster"/>
			<property name="Weight" value="50"/>
			<property name="Candrop" value="true"/>
			<property name="SellableToTrader" value="false"/>
			<property class="Action0">
				<property name="UseAnimation" value="false"/>
				<property name="QuestGiven" value="quest_FuriousRamsayTier1_clearhold"/>
			</property>
		</item>

		<item name="qc_FuriousRamsayTier2_clearhold">
			<property name="Extends" value="FuriousRamsayChallengeQuestMaster"/>
			<property name="Weight" value="50"/>
			<property name="Candrop" value="true"/>
			<property name="SellableToTrader" value="false"/>
			<property class="Action0">
				<property name="UseAnimation" value="false"/>
				<property name="QuestGiven" value="quest_FuriousRamsayTier2_clearhold"/>
			</property>
		</item>

		<item name="qc_FuriousRamsayTier3_clearhold">
			<property name="Extends" value="FuriousRamsayChallengeQuestMaster"/>
			<property name="Weight" value="50"/>
			<property name="Candrop" value="true"/>
			<property name="SellableToTrader" value="false"/>
			<property class="Action0">
				<property name="UseAnimation" value="false"/>
				<property name="QuestGiven" value="quest_FuriousRamsayTier3_clearhold"/>
			</property>
		</item>

		<item name="qc_FuriousRamsayTier4_clearhold">
			<property name="Extends" value="FuriousRamsayChallengeQuestMaster"/>
			<property name="Weight" value="50"/>
			<property name="Candrop" value="true"/>
			<property name="SellableToTrader" value="false"/>
			<property class="Action0">
				<property name="UseAnimation" value="false"/>
				<property name="QuestGiven" value="quest_FuriousRamsayTier4_clearhold"/>
			</property>
		</item>

		<item name="qc_FuriousRamsayTier5_clearhold">
			<property name="Extends" value="FuriousRamsayChallengeQuestMaster"/>
			<property name="Weight" value="50"/>
			<property name="Weight" value="0"/>
			<property name="Candrop" value="true"/>
			<property name="SellableToTrader" value="false"/>
			<property class="Action0">
				<property name="UseAnimation" value="false"/>
				<property name="QuestGiven" value="quest_FuriousRamsayTier5_clearhold"/>
			</property>
		</item>

		<item name="qc_FuriousRamsayTier1_minihorde">
			<property name="DescriptionKey" value="qc_FuriousRamsay_minihordeDesc"/>
			<property name="Extends" value="FuriousRamsayChallengeQuestMaster"/>
			<property name="EconomicValue" value="125"/>
			<property name="Weight" value="50"/>
			<property name="Candrop" value="true"/>
			<property name="SellableToTrader" value="false"/>
			<property class="Action0">
				<property name="UseAnimation" value="false"/>
				<property name="QuestGiven" value="quest_FuriousRamsayTier1_minihorde"/>
			</property>
			<property name="TintColor" value="104, 136, 222"/>
			<property name="CustomIconTint" value="6888de"/>
		</item>

		<item name="qc_FuriousRamsayTier2_minihorde">
			<property name="DescriptionKey" value="qc_FuriousRamsay_minihordeDesc"/>
			<property name="Extends" value="FuriousRamsayChallengeQuestMaster"/>
			<property name="EconomicValue" value="250"/>
			<property name="Weight" value="50"/>
			<property name="Candrop" value="true"/>
			<property name="SellableToTrader" value="false"/>
			<property class="Action0">
				<property name="UseAnimation" value="false"/>
				<property name="QuestGiven" value="quest_FuriousRamsayTier2_minihorde"/>
			</property>
			<property name="TintColor" value="76, 109, 199"/>
			<property name="CustomIconTint" value="4c6dc7"/>
		</item>

		<item name="qc_FuriousRamsayTier3_minihorde">
			<property name="DescriptionKey" value="qc_FuriousRamsay_minihordeDesc"/>
			<property name="Extends" value="FuriousRamsayChallengeQuestMaster"/>
			<property name="EconomicValue" value="375"/>
			<property name="Weight" value="50"/>
			<property name="Candrop" value="true"/>
			<property name="SellableToTrader" value="false"/>
			<property class="Action0">
				<property name="UseAnimation" value="false"/>
				<property name="QuestGiven" value="quest_FuriousRamsayTier3_minihorde"/>
			</property>
			<property name="TintColor" value="52, 86, 179"/>
			<property name="CustomIconTint" value="3456b3"/>
		</item>

		<item name="qc_FuriousRamsayTier4_minihorde">
			<property name="DescriptionKey" value="qc_FuriousRamsay_minihordeDesc"/>
			<property name="Extends" value="FuriousRamsayChallengeQuestMaster"/>
			<property name="EconomicValue" value="500"/>
			<property name="Weight" value="50"/>
			<property name="Candrop" value="true"/>
			<property name="SellableToTrader" value="false"/>
			<property class="Action0">
				<property name="UseAnimation" value="false"/>
				<property name="QuestGiven" value="quest_FuriousRamsayTier4_minihorde"/>
			</property>
			<property name="TintColor" value="27, 62, 158"/>
			<property name="CustomIconTint" value="1b3e9e"/>
		</item>

		<item name="qc_FuriousRamsayTier5_minihorde">
			<property name="DescriptionKey" value="qc_FuriousRamsay_minihordeDesc"/>
			<property name="Extends" value="FuriousRamsayChallengeQuestMaster"/>
			<property name="EconomicValue" value="625"/>
			<property name="Weight" value="50"/>
			<property name="Candrop" value="true"/>
			<property name="SellableToTrader" value="false"/>
			<property class="Action0">
				<property name="UseAnimation" value="false"/>
				<property name="QuestGiven" value="quest_FuriousRamsayTier5_minihorde"/>
			</property>
			<property name="TintColor" value="4, 40, 140"/>
			<property name="CustomIconTint" value="04288c"/>
		</item>

		<item name="qc_FuriousRamsayHuntTier1">
			<property name="DescriptionKey" value="qc_FuriousRamsayHuntDesc"/>
			<property name="Extends" value="FuriousRamsayChallengeQuestMaster"/>
			<property name="EconomicValue" value="50"/>
			<property name="Weight" value="50"/>
			<property name="Candrop" value="true"/>
			<property name="SellableToTrader" value="false"/>
			<property class="Action0">
				<property name="UseAnimation" value="false"/>
				<property name="QuestGiven" value="challenge_FuriousRamsayHuntTier1"/>
			</property>
			<property name="TintColor" value="93, 217, 107"/>
			<property name="CustomIconTint" value="5dd96b"/>
		</item>

		<item name="qc_FuriousRamsayHuntTier2">
			<property name="DescriptionKey" value="qc_FuriousRamsayHuntDesc"/>
			<property name="Extends" value="FuriousRamsayChallengeQuestMaster"/>
			<property name="EconomicValue" value="100"/>
			<property name="Weight" value="50"/>
			<property name="Candrop" value="true"/>
			<property name="SellableToTrader" value="false"/>
			<property class="Action0">
				<property name="UseAnimation" value="false"/>
				<property name="QuestGiven" value="challenge_FuriousRamsayHuntTier2"/>
			</property>
			<property name="TintColor" value="64, 189, 78"/>
			<property name="CustomIconTint" value="40bd4e"/>
		</item>

		<item name="qc_FuriousRamsayHuntTier3">
			<property name="DescriptionKey" value="qc_FuriousRamsayHuntDesc"/>
			<property name="Extends" value="FuriousRamsayChallengeQuestMaster"/>
			<property name="EconomicValue" value="200"/>
			<property name="Weight" value="50"/>
			<property name="Candrop" value="true"/>
			<property name="SellableToTrader" value="false"/>
			<property class="Action0">
				<property name="UseAnimation" value="false"/>
				<property name="QuestGiven" value="challenge_FuriousRamsayHuntTier3"/>
			</property>
			<property name="TintColor" value="42, 168, 56"/>
			<property name="CustomIconTint" value="2aa838"/>
		</item>

		<item name="qc_FuriousRamsayHuntTier4">
			<property name="DescriptionKey" value="qc_FuriousRamsayHuntDesc"/>
			<property name="Extends" value="FuriousRamsayChallengeQuestMaster"/>
			<property name="EconomicValue" value="300"/>
			<property name="Weight" value="50"/>
			<property name="Candrop" value="true"/>
			<property name="SellableToTrader" value="false"/>
			<property class="Action0">
				<property name="UseAnimation" value="false"/>
				<property name="QuestGiven" value="challenge_FuriousRamsayHuntTier4"/>
			</property>
			<property name="TintColor" value="16, 130, 29"/>
			<property name="CustomIconTint" value="10821d"/>
		</item>

		<item name="qc_FuriousRamsayHuntTier5">
			<property name="DescriptionKey" value="qc_FuriousRamsayHuntDesc"/>
			<property name="Extends" value="FuriousRamsayChallengeQuestMaster"/>
			<property name="EconomicValue" value="400"/>
			<property name="Weight" value="50"/>
			<property name="Candrop" value="true"/>
			<property name="SellableToTrader" value="false"/>
			<property class="Action0">
				<property name="UseAnimation" value="false"/>
				<property name="QuestGiven" value="challenge_FuriousRamsayHuntTier5"/>
			</property>
			<property name="TintColor" value="2, 107, 14"/>
			<property name="CustomIconTint" value="026b0e"/>
		</item>

		<item name="qc_FuriousRamsayHordeTrainingTier1">
			<property name="DescriptionKey" value="qc_FuriousRamsayHordeTrainingDesc"/>
			<property name="Extends" value="FuriousRamsayChallengeQuestMaster"/>
			<property name="EconomicValue" value="125"/>
			<property name="Weight" value="50"/>
			<property name="Candrop" value="true"/>
			<property name="SellableToTrader" value="false"/>
			<property class="Action0">
				<property name="UseAnimation" value="false"/>
				<property name="QuestGiven" value="challenge_FuriousRamsayHordeTrainingTier1Wave1"/>
			</property>
			<property name="TintColor" value="212, 85, 85"/>
			<property name="CustomIconTint" value="d45555"/>
		</item>

		<item name="qc_FuriousRamsayHordeTrainingTier2">
			<property name="DescriptionKey" value="qc_FuriousRamsayHordeTrainingDesc"/>
			<property name="Extends" value="FuriousRamsayChallengeQuestMaster"/>
			<property name="EconomicValue" value="250"/>
			<property name="Weight" value="50"/>
			<property name="Candrop" value="true"/>
			<property name="SellableToTrader" value="false"/>
			<property class="Action0">
				<property name="UseAnimation" value="false"/>
				<property name="QuestGiven" value="challenge_FuriousRamsayHordeTrainingTier2Wave1"/>
			</property>
			<property name="TintColor" value="181, 56, 56"/>
			<property name="CustomIconTint" value="b53838"/>
		</item>

		<item name="qc_FuriousRamsayHordeTrainingTier3">
			<property name="DescriptionKey" value="qc_FuriousRamsayHordeTrainingDesc"/>
			<property name="Extends" value="FuriousRamsayChallengeQuestMaster"/>
			<property name="EconomicValue" value="375"/>
			<property name="Weight" value="50"/>
			<property name="Candrop" value="true"/>
			<property name="SellableToTrader" value="false"/>
			<property class="Action0">
				<property name="UseAnimation" value="false"/>
				<property name="QuestGiven" value="challenge_FuriousRamsayHordeTrainingTier3Wave1"/>
			</property>
			<property name="TintColor" value="158, 35, 35"/>
			<property name="CustomIconTint" value="9e2323"/>
		</item>

		<item name="qc_FuriousRamsayHordeTrainingTier4">
			<property name="DescriptionKey" value="qc_FuriousRamsayHordeTrainingDesc"/>
			<property name="Extends" value="FuriousRamsayChallengeQuestMaster"/>
			<property name="EconomicValue" value="500"/>
			<property name="Weight" value="50"/>
			<property name="Candrop" value="true"/>
			<property name="SellableToTrader" value="false"/>
			<property class="Action0">
				<property name="UseAnimation" value="false"/>
				<property name="QuestGiven" value="challenge_FuriousRamsayHordeTrainingTier4Wave1"/>
			</property>
			<property name="TintColor" value="135, 18, 18"/>
			<property name="CustomIconTint" value="871212"/>
		</item>

		<item name="qc_FuriousRamsayHordeTrainingTier5">
			<property name="DescriptionKey" value="qc_FuriousRamsayHordeTrainingDesc"/>
			<property name="Extends" value="FuriousRamsayChallengeQuestMaster"/>
			<property name="EconomicValue" value="625"/>
			<property name="Weight" value="50"/>
			<property name="Candrop" value="true"/>
			<property name="SellableToTrader" value="false"/>
			<property class="Action0">
				<property name="UseAnimation" value="false"/>
				<property name="QuestGiven" value="challenge_FuriousRamsayHordeTrainingTier5Wave1"/>
			</property>
			<property name="TintColor" value="112, 2, 2"/>
			<property name="CustomIconTint" value="700202"/>
		</item>
		
		<item name="FuriousRamsayMeleeHandHostileSmallAnimal">
			<property name="Extends" value="meleeHandMaster"/>
			<property name="CreativeMode" value="None"/>
			<property name="HoldType" value="55"/>
			<property class="Action0">
				<property name="Delay" value="2"/>
				<property name="Range" value="1.3"/>
				<property name="DamageEntity" value="3"/>
				<property name="DamageBlock" value="3"/>
			</property>
		</item>

		<item name="FuriousRamsayMeleeHandHostileMediumAnimal">
			<property name="Extends" value="meleeHandMaster"/>
			<property name="CreativeMode" value="None"/>
			<property name="HoldType" value="55"/>
			<property class="Action0">
				<property name="Delay" value="2"/>
				<property name="Range" value="1.8"/>
				<property name="DamageEntity" value="8"/>
				<property name="DamageBlock" value="8"/>
			</property>
		</item>

		<item name="FuriousRamsayMeleeHandHostileLargeAnimal">
			<property name="Extends" value="meleeHandMaster"/>
			<property name="CreativeMode" value="None"/>
			<property name="HoldType" value="55"/>
			<property class="Action0">
				<property name="Delay" value="2"/>
				<property name="Range" value="2.4"/>
				<property name="DamageEntity" value="15"/>
				<property name="DamageBlock" value="15"/>
			</property>
		</item>

		<item name="FuriousRamsayMeleeHandAllyGhost">
			<property name="Extends" value="meleeHandMaster"/>
			<property name="CreativeMode" value="None"/>
			<property name="HoldType" value="55"/>
			<property class="Action0">
				<property name="Delay" value="1"/>
				<property name="Range" value="2"/>
				<property name="DamageEntity" value="10"/>
				<property name="DamageBlock" value="50"/>
			</property>
		</item>

		<item name="FuriousRamsayMeleeHandAllyDogTier1">
			<property name="Extends" value="meleeHandMaster"/>
			<property name="CreativeMode" value="None"/>
			<property name="HoldType" value="55"/>
			<property class="Action0">
				<property name="Delay" value="1.5"/>
				<property name="Range" value="2"/>
				<property name="DamageEntity" value="9"/>
				<property name="DamageBlock" value="15"/>
			</property>
		</item>

		<item name="FuriousRamsayMeleeHandAllyWolfTier2">
			<property name="Extends" value="meleeHandMaster"/>
			<property name="CreativeMode" value="None"/>
			<property name="HoldType" value="55"/>
			<property class="Action0">
				<property name="Delay" value="1.3"/>
				<property name="Range" value="2"/>
				<property name="DamageEntity" value="14"/>
				<property name="DamageBlock" value="30"/>
			</property>
		</item>

		<item name="FuriousRamsayMeleeHandAllyLionTier3">
			<property name="Extends" value="meleeHandMaster"/>
			<property name="CreativeMode" value="None"/>
			<property name="HoldType" value="55"/>
			<property class="Action0">
				<property name="Delay" value="1.1"/>
				<property name="Range" value="2"/>
				<property name="DamageEntity" value="25"/>
				<property name="DamageBlock" value="45"/>
			</property>

			<effect_group name="Base Effects">
				<passive_effect name="SpreadDegreesVertical" operation="perc_subtract" value=".8"/>
				<passive_effect name="SpreadDegreesHorizontal" operation="perc_subtract" value=".8"/>
				<triggered_effect trigger="onSelfAttackedOther" action="Ragdoll" target="selfAOE" range="3" duration="0" force="400"/>
			</effect_group>
		</item>

		<item name="FuriousRamsayMeleeHandAllyBearTier4">
			<property name="Extends" value="meleeHandMaster"/>
			<property name="CreativeMode" value="None"/>
			<property name="HoldType" value="55"/>
			<property class="Action0">
				<property name="Delay" value="0.9"/>
				<property name="Range" value="2"/>
				<property name="DamageEntity" value="40"/>
				<property name="DamageBlock" value="60"/>
			</property>
		</item>

		<item name="FuriousRamsayMeleeHandAllyNPCTier5">
			<property name="Extends" value="meleeHandMaster"/>
			<property name="CreativeMode" value="None"/>
			<property name="HoldType" value="55"/>
			<property class="Action0">
				<property name="Delay" value="0.7"/>
				<property name="Range" value="2"/>
				<property name="DamageEntity" value="65"/>
				<property name="DamageBlock" value="75"/>
			</property>
		</item>

		<item name="qc_FuriousRamsaySpawnAllyDogTier1">
			<property name="DescriptionKey" value="qc_FuriousRamsaySpawnAllyDogTier1Desc"/>
			<property name="Extends" value="FuriousRamsayChallengeQuestMaster"/>
			<property name="HoldingItemHidden" value="true"/>
			<property name="CustomIcon" value="controlPanelTop01"/>
			<property name="Weight" value="10"/>
			<property name="CarryWeight" value="3"/>
			<property name="Candrop" value="true"/>
			<property name="Stacknumber" value="25"/>
			<property name="EconomicValue" value="250"/>
			<property name="SellableToTrader" value="false"/>
			<property class="Action0">
				<property name="UseAnimation" value="false"/>
				<property name="QuestGiven" value="challenge_FuriousRamsaySpawnAllyDogTier1"/>
			</property>
			<property name="CustomIconTint" value="217, 0, 255"/>
		</item>

		<item name="qc_FuriousRamsaySpawnAllyWolfTier2">
			<property name="DescriptionKey" value="qc_FuriousRamsaySpawnAllyWolfTier2Desc"/>
			<property name="Extends" value="FuriousRamsayChallengeQuestMaster"/>
			<property name="HoldingItemHidden" value="true"/>
			<property name="CustomIcon" value="controlPanelTop02"/>
			<property name="Weight" value="10"/>
			<property name="CarryWeight" value="3"/>
			<property name="Candrop" value="true"/>
			<property name="Stacknumber" value="25"/>
			<property name="EconomicValue" value="500"/>
			<property name="SellableToTrader" value="false"/>
			<property class="Action0">
				<property name="UseAnimation" value="false"/>
				<property name="QuestGiven" value="challenge_FuriousRamsaySpawnAllyWolfTier2"/>
			</property>
			<property name="CustomIconTint" value="255, 66, 76"/>
		</item>

		<item name="qc_FuriousRamsaySpawnAllyLionTier3">
			<property name="DescriptionKey" value="qc_FuriousRamsaySpawnAllyLionTier3Desc"/>
			<property name="Extends" value="FuriousRamsayChallengeQuestMaster"/>
			<property name="HoldingItemHidden" value="true"/>
			<property name="CustomIcon" value="controlPanelTop04"/>
			<property name="Weight" value="10"/>
			<property name="CarryWeight" value="3"/>
			<property name="Candrop" value="true"/>
			<property name="Stacknumber" value="25"/>
			<property name="EconomicValue" value="1000"/>
			<property name="SellableToTrader" value="false"/>
			<property class="Action0">
				<property name="UseAnimation" value="false"/>
				<property name="QuestGiven" value="challenge_FuriousRamsaySpawnAllyLionTier3"/>
			</property>
			<property name="CustomIconTint" value="5, 247, 110"/>		
		</item>

		<item name="qc_FuriousRamsaySpawnAllyBearTier4">
			<property name="DescriptionKey" value="qc_FuriousRamsaySpawnAllyBearTier4Desc"/>
			<property name="Extends" value="FuriousRamsayChallengeQuestMaster"/>
			<property name="HoldingItemHidden" value="true"/>
			<property name="CustomIcon" value="controlPanelTop05"/>
			<property name="Weight" value="10"/>
			<property name="CarryWeight" value="3"/>
			<property name="Candrop" value="true"/>
			<property name="Stacknumber" value="25"/>
			<property name="SellableToTrader" value="false"/>
			<property name="EconomicValue" value="1250"/>
			<property class="Action0">
				<property name="UseAnimation" value="false"/>
				<property name="QuestGiven" value="challenge_FuriousRamsaySpawnAllyBearTier4"/>
			</property>
			<property name="CustomIconTint" value="0, 153, 255"/>		
		</item>

		<item name="qc_FuriousRamsaySpawnAllyNPCTier5">
			<property name="DescriptionKey" value="qc_FuriousRamsaySpawnAllyNPCTier5Desc"/>
			<property name="Extends" value="FuriousRamsayChallengeQuestMaster"/>
			<property name="HoldingItemHidden" value="true"/>
			<property name="CustomIcon" value="controlPanelTop06"/>
			<property name="Weight" value="10"/>
			<property name="CarryWeight" value="3"/>
			<property name="Candrop" value="true"/>
			<property name="Stacknumber" value="25"/>
			<property name="EconomicValue" value="1500"/>
			<property name="SellableToTrader" value="false"/>
			<property class="Action0">
				<property name="UseAnimation" value="false"/>
				<property name="QuestGiven" value="challenge_FuriousRamsaySpawnAllyNPCTier5"/>
			</property>
			<property name="CustomIconTint" value="255, 255, 0"/>
		</item>
		
		<item name="FuriousRamsayMeleeHandEnemyTier1">
			<property name="Extends" value="meleeHandMaster"/>
			<property name="CreativeMode" value="None"/>
			<property name="HoldType" value="55"/>
			<property class="Action0">
				<property name="Delay" value="1.5"/>
				<property name="Range" value="2"/>
				<property name="DamageEntity" value="4"/>
				<property name="DamageBlock" value="10"/>
			</property>
		</item>
		
		<item name="FuriousRamsayMeleeHandEnemyTier2">
			<property name="Extends" value="meleeHandMaster"/>
			<property name="CreativeMode" value="None"/>
			<property name="HoldType" value="55"/>
			<property class="Action0">
				<property name="Delay" value="1.4"/>
				<property name="Range" value="2"/>
				<property name="DamageEntity" value="8"/>
				<property name="DamageBlock" value="15"/>
			</property>
		</item>

		<item name="FuriousRamsayMeleeHandEnemyTier3">
			<property name="Extends" value="meleeHandMaster"/>
			<property name="CreativeMode" value="None"/>
			<property name="HoldType" value="55"/>
			<property class="Action0">
				<property name="Delay" value="1.3"/>
				<property name="Range" value="2"/>
				<property name="DamageEntity" value="12"/>
				<property name="DamageBlock" value="20"/>
			</property>
		</item>

		<item name="FuriousRamsayMeleeHandEnemyTier4">
			<property name="Extends" value="meleeHandMaster"/>
			<property name="CreativeMode" value="None"/>
			<property name="HoldType" value="55"/>
			<property class="Action0">
				<property name="Delay" value="1.2"/>
				<property name="Range" value="2"/>
				<property name="DamageEntity" value="16"/>
				<property name="DamageBlock" value="25"/>
			</property>
		</item>

		<item name="FuriousRamsayMeleeHandEnemyTier5">
			<property name="Extends" value="meleeHandMaster"/>
			<property name="CreativeMode" value="None"/>
			<property name="HoldType" value="55"/>
			<property class="Action0">
				<property name="Delay" value="1.1"/>
				<property name="Range" value="2"/>
				<property name="DamageEntity" value="20"/>
				<property name="DamageBlock" value="30"/>
			</property>
		</item>

		<item name="FuriousRamsayMeleeHandCloakedAndroidShock">
			<property name="Extends" value="meleeHandMaster"/>
			<property name="CreativeMode" value="None"/>
			<property name="Degradation" value="99999" param1="true"/>
			<property class="Action0">
				<property name="Delay" value=".7"/>
				<property name="Range" value="2"/>
				<property name="DamageEntity" value="15"/>
				<property name="DamageBlock" value="50"/>
			</property>
			<property class="Action1">
				<property name="Class" value="Vomit"/>
				<property name="Hitmask_override" value="Arrow"/>
				<property name="Delay" value=".5"/>
				<property name="Range" value="15"/>
				<property name="Infinite_ammo" value="true"/>
				<property name="Magazine_items" value="FuriousRamsayShockAmmo"/>
				<property name="Sound_warning" value="electric_fence_impact"/>
				<property name="Sound_start" value=""/>
				<property name="Sound_repeat" value=""/>
				<property name="Sound_end" value=""/>
				<property name="Sound_empty" value=""/>
				<property name="Sound_reload" value=""/>		
			</property>
			<effect_group name="FuriousRamsayMeleeHandCloakedAndroidShock" tiered="false">
				<passive_effect name="ModSlots" operation="base_set" value="0"/>
				<passive_effect name="DamageFalloffRange" operation="base_set" value="0"/>
				<passive_effect name="MaxRange" operation="base_set" value="15"/>
				<passive_effect name="MagazineSize" operation="base_set" value="360"/>
				<passive_effect name="BurstRoundCount" operation="base_set" value="4"/>
				<passive_effect name="SpreadDegreesVertical" operation="base_set" value="4"/>
				<passive_effect name="SpreadDegreesHorizontal" operation="base_set" value="4"/>
				<passive_effect name="SpreadMultiplierIdle" operation="base_set" value="1"/>
			</effect_group>
		</item>

		<item name="FuriousRamsayShockAmmo">
			<property name="Meshfile" value="Entities/Electrical/steel_dartPrefab"/>
			
			<property name="Material" value="Morganic"/>
			<property name="CreativeMode" value="None"/>
			<property class="Action1">
				<property name="Class" value="Projectile"/>
				<property name="DamageEntity" value="4"/>
				<property name="DamageBlock" value="15"/>
				<property name="Explosion.ParticleIndex" value="0"/> <!-- Nothing -->
				<property name="Explosion.RadiusEntities" value="2"/>
				<property name="Velocity" value="20"/>
				<property name="FlyTime" value="3"/>
				<property name="LifeTime" value="3"/>
				<property name="CollisionRadius" value="0.5"/>
				<property name="Buff" value="FuriousRamsayAddShockEnemy"/>
			</property>
			<effect_group name="FuriousRamsayShockAmmo" tiered="false">
				<passive_effect name="DamageModifier" operation="perc_set" value="0" tags="earth"/>
				<passive_effect name="DamageModifier" operation="perc_set" value="0.5" tags="stone"/>
				<passive_effect name="DamageModifier" operation="perc_add" value="1.2" tags="metal"/>
			</effect_group>
		</item>
		
		<item name="FuriousRamsayMeleeHandCloakedAndroidBurn">
			<property name="Extends" value="meleeHandMaster"/>
			<property name="CreativeMode" value="None"/>
			<property name="Degradation" value="99999" param1="true"/>
			<property class="Action0">
				<property name="Delay" value=".7"/>
				<property name="Range" value="2"/>
				<property name="DamageEntity" value="15"/>
				<property name="DamageBlock" value="50"/>
			</property>
			<property class="Action1">
				<property name="Class" value="Vomit"/>
				<property name="Hitmask_override" value="Arrow"/>
				<property name="Delay" value=".5"/>
				<property name="Range" value="15"/>
				<property name="Infinite_ammo" value="true"/>
				<property name="Magazine_items" value="FuriousRamsayBurnAmmo"/>
				<property name="Sound_warning" value="hulkexplodewarning"/>
				<property name="Sound_start" value="FireMediumLoop"/>
				<property name="Sound_repeat" value=""/>
				<property name="Sound_end" value=""/>
				<property name="Sound_empty" value=""/>
				<property name="Sound_reload" value=""/>		
			</property>
			<effect_group name="FuriousRamsayMeleeHandCloakedAndroidBurn" tiered="false">
				<passive_effect name="ModSlots" operation="base_set" value="0"/>
				<passive_effect name="DamageFalloffRange" operation="base_set" value="0"/>
				<passive_effect name="MaxRange" operation="base_set" value="15"/>
				<passive_effect name="MagazineSize" operation="base_set" value="20"/>
				<passive_effect name="BurstRoundCount" operation="base_set" value="20"/>
				<passive_effect name="SpreadDegreesVertical" operation="base_set" value="2"/>
				<passive_effect name="SpreadDegreesHorizontal" operation="base_set" value="10"/>
				<passive_effect name="SpreadMultiplierIdle" operation="base_set" value="1"/>
			</effect_group>
		</item>

		<item name="FuriousRamsayBurnAmmo">
			<property name="Meshfile" value="particleeffects/p_fire_small"/>
			<property name="Meshfile" value="particleeffects/p_onFire"/>
			<property name="Material" value="Morganic"/>
			<property name="CreativeMode" value="None"/>
			<property class="Action1">
				<property name="Class" value="Projectile"/>
				<property name="DamageEntity" value="4"/>
				<property name="DamageBlock" value="15"/>
				<property name="Explosion.ParticleIndex" value="0"/> <!-- Nothing -->
				<property name="Explosion.RadiusEntities" value="2"/>
				<property name="Velocity" value="20"/>
				<property name="FlyTime" value="3"/>
				<property name="LifeTime" value="3"/>
				<property name="CollisionRadius" value="0.5"/>
				<property name="Buff" value="FuriousRamsayAddBurningEnemyTier5"/>
			</property>
			<effect_group name="FuriousRamsayBurnAmmo" tiered="false">
				<passive_effect name="DamageModifier" operation="perc_set" value="0" tags="earth"/>
				<passive_effect name="DamageModifier" operation="perc_set" value="0.5" tags="stone"/>
				<passive_effect name="DamageModifier" operation="perc_add" value="1.2" tags="metal"/>
			</effect_group>
		</item>

		<item name="FuriousRamsayMeleeHandEnemyNPCTier5">
			<property name="Extends" value="meleeHandMaster"/>
			<property name="CreativeMode" value="None"/>
			<property name="HoldType" value="55"/>
			<property class="Action0">
				<property name="Delay" value="1"/>
				<property name="Range" value="2"/>
				<property name="DamageEntity" value="20"/>
				<property name="DamageBlock" value="50"/>
			</property>
		</item>

		<item name="meleeHandMaster">
			<property name="Tags" value="blunt,melee,light"/>
			<property name="CreativeMode" value="None"/>
			<property name="HoldType" value="9"/>
			<property name="Material" value="Morganic"/>
			<property name="Canhold" value="false"/>
			<property name="Stacknumber" value="1"/>
			<property name="Candrop" value="false"/>
			<property class="Action0">
				<property name="Class" value="Melee"/>
				<property name="Delay" value=".8"/>
				<property name="Range" value="2"/>
				<property name="Sphere" value=".1"/>
				<property name="Block_range" value="2.5"/>
				<property name="DamageEntity" value="10"/>
				<property name="DamageBlock" value="16"/>
				<property name="Sound_start" value="swoosh"/>
			</property>
			<effect_group name="meleeHandMaster" tiered="false">
				<passive_effect name="DamageFalloffRange" operation="base_set" value="1.65"/>
			</effect_group>
		</item>

		<item name="FuriousRamsayMeleeHandSoldier">
			<property name="Extends" value="meleeHandMaster"/>
			<property name="CreativeMode" value="None"/>
			<property name="HoldType" value="12"/> 
			<property class="Action0">
				<property name="Delay" value="1.05"/>
				<property name="Range" value="2"/>
				<property name="DamageEntity" value="10"/>
				<property name="DamageBlock" value="35"/>
				<property name="Sphere" value="1.2"/>
				<property name="Block_range" value="2.5"/>
			</property>
			<effect_group name="meleeHandHumanTemplate" tiered="false">
				<passive_effect name="ModSlots" operation="base_set" value="0"/>
				<passive_effect name="DamageModifier" operation="perc_add" value="3" tags="earth"/>
			</effect_group>
		</item>	
		
		<item name="FuriousRamsayMeleeHandSoldierJack">
			<property name="Extends" value="meleeHandMaster"/>
			<property name="CreativeMode" value="None"/>
			<property name="HoldType" value="12"/> 
			<property class="Action0">
				<property name="Delay" value="1.05"/>
				<property name="Range" value="2"/>
				<property name="DamageEntity" value="20"/>
				<property name="DamageBlock" value="50"/>
				<property name="Sphere" value="1.2"/>
				<property name="Block_range" value="2.5"/>
			</property>
			<effect_group name="meleeHandHumanTemplate" tiered="false">
				<passive_effect name="ModSlots" operation="base_set" value="0"/>
				<passive_effect name="DamageModifier" operation="perc_add" value="3" tags="earth"/>
			</effect_group>
		</item>	

		<item name="FuriousRamsayMeleeHandSoldierDante">
			<property name="Extends" value="meleeHandMaster"/>
			<property name="CreativeMode" value="None"/>
			<property name="HoldType" value="12"/> 
			<property class="Action0">
				<property name="Delay" value="1.05"/>
				<property name="Range" value="2"/>
				<property name="DamageEntity" value="20"/>
				<property name="DamageBlock" value="50"/>
				<property name="Sphere" value="1.2"/>
				<property name="Block_range" value="2.5"/>
			</property>
			<effect_group name="meleeHandHumanTemplate" tiered="false">
				<passive_effect name="ModSlots" operation="base_set" value="0"/>
				<passive_effect name="DamageModifier" operation="perc_add" value="3" tags="earth"/>
			</effect_group>
		</item>	

		<item name="FuriousRamsayMeleeHandSoldierLee">
			<property name="Extends" value="meleeHandMaster"/>
			<property name="CreativeMode" value="None"/>
			<property name="HoldType" value="12"/> 
			<property class="Action0">
				<property name="Delay" value="1.05"/>
				<property name="Range" value="2"/>
				<property name="DamageEntity" value="20"/>
				<property name="DamageBlock" value="50"/>
				<property name="Sphere" value="1.2"/>
				<property name="Block_range" value="2.5"/>
			</property>
			<effect_group name="meleeHandHumanTemplate" tiered="false">
				<passive_effect name="ModSlots" operation="base_set" value="0"/>
				<passive_effect name="DamageModifier" operation="perc_add" value="3" tags="earth"/>
			</effect_group>
		</item>	

		<item name="FuriousRamsayMeleeHandZombieSurvivor">
			<property name="Extends" value="meleeHandMaster"/>
			<property name="CreativeMode" value="None"/>
			<property name="HoldType" value="12"/> 
			<property class="Action0">
				<property name="Delay" value="1.05"/>
				<property name="Range" value="2"/>
				<property name="DamageEntity" value="3"/>
				<property name="DamageBlock" value="50"/>
				<property name="Sphere" value="1.2"/>
				<property name="Block_range" value="2.5"/>
			</property>
			<effect_group name="meleeHandHumanTemplate" tiered="false">
				<passive_effect name="ModSlots" operation="base_set" value="0"/>
				<passive_effect name="DamageModifier" operation="perc_add" value="3" tags="earth"/>
			</effect_group>
		</item>	

		<item name="FuriousRamsayMeleeHandZombieSurvivorTwitch">
			<property name="Extends" value="meleeHandMaster"/>
			<property name="CreativeMode" value="None"/>
			<property name="HoldType" value="12"/> 
			<property class="Action0">
				<property name="Delay" value="1.05"/>
				<property name="Range" value="2"/>
				<property name="DamageEntity" value="15"/>
				<property name="DamageBlock" value="50"/>
				<property name="Sphere" value="1.2"/>
				<property name="Block_range" value="2.5"/>
			</property>
			<effect_group name="meleeHandHumanTemplate" tiered="false">
				<passive_effect name="ModSlots" operation="base_set" value="0"/>
				<passive_effect name="DamageModifier" operation="perc_add" value="3" tags="earth"/>
			</effect_group>
		</item>	

		<item name="FuriousRamsayMeleeHandZombieEnemy">
			<property name="Extends" value="meleeHandMaster"/>
			<property name="CreativeMode" value="None"/>
			<property name="HoldType" value="12"/> 
			<property class="Action0">
				<property name="Delay" value=".9"/>
				<property name="Range" value="2"/>
				<property name="DamageEntity" value="10"/>
				<property name="DamageBlock" value="50"/>
				<property name="Sphere" value="1.2"/>
				<property name="Block_range" value="2.5"/>
			</property>
			<effect_group name="meleeHandHumanTemplate" tiered="false">
				<passive_effect name="ModSlots" operation="base_set" value="0"/>
				<passive_effect name="DamageModifier" operation="perc_add" value="3" tags="earth"/>
				<triggered_effect trigger="onSelfAttackedOther" action="AddBuff" target="other" fireOneBuff="true" buff="buffFatiguedTrigger,buffAbrasionCatch,buffInjuryStunned01CHTrigger,buffInjuryBleedingTwo" weights=".11,.07,.07,.05,.29,.36,.11"/>
			</effect_group>
		</item>	

		<item name="FuriousRamsayMeleeHandZombie">
			<property name="Extends" value="meleeHandZombie01"/>
			<property name="CreativeMode" value="None"/>
			<property name="HoldType" value="12"/> 
			<property class="Action0">
				<property name="Delay" value=".8"/>
				<property name="Range" value="2"/>
				<property name="DamageEntity" value="15"/>
				<property name="DamageBlock" value="20"/>
				<property name="Sphere" value="1.2"/>
				<property name="Block_range" value="2.5"/>
			</property>
		</item>	

		<item name="FuriousRamsayMeleeHandZombieFeral">
			<property name="Extends" value="meleeHandZombie01"/>
			<property name="CreativeMode" value="None"/>
			<property name="HoldType" value="12"/> 
			<property class="Action0">
				<property name="Delay" value=".7"/>
				<property name="Range" value="2.2"/>
				<property name="DamageEntity" value="20"/>
				<property name="DamageBlock" value="30"/>
				<property name="Sphere" value="1.2"/>
				<property name="Block_range" value="2.5"/>
			</property>
		</item>	

		<item name="FuriousRamsayMeleeHandZombieRage">
			<property name="Extends" value="meleeHandZombie01"/>
			<property name="CreativeMode" value="None"/>
			<property name="HoldType" value="12"/> 
			<property class="Action0">
				<property name="Delay" value=".6"/>
				<property name="Range" value="2.5"/>
				<property name="DamageEntity" value="25"/>
				<property name="DamageBlock" value="40"/>
				<property name="Sphere" value="1.2"/>
				<property name="Block_range" value="2.5"/>
			</property>
		</item>	

		<item name="FuriousRamsayMeleeHandBlackShieldBossTier1">
			<property name="Extends" value="meleeHandMaster"/>
			<property name="CreativeMode" value="None"/>
			<property name="HoldType" value="55"/>
			<property class="Action0">
				<property name="Delay" value="0.6"/>
				<property name="Range" value="2.4"/>
				<property name="DamageEntity" value="15"/>
				<property name="DamageBlock" value="30"/>
			</property>
			<effect_group name="FuriousRamsayMeleeHandBlackShieldKnockDown">
				<requirement name="EntityTagCompare" target="other" tags="player,robot"/>
				<requirement name="RandomRoll" seed_type="Random" min_max="0,100" operation="LTE" value="15"/>
					<triggered_effect trigger="onSelfAttackedOther" action="Ragdoll" target="other" duration="1" force="2000"/>
					<triggered_effect trigger="onSelfAttackedOther" action="PlaySound" target="other" sound="malehateattack"/>
			</effect_group>
		</item>

		<item name="FuriousRamsayMeleeHandBlackShieldBossTier2">
			<property name="Extends" value="meleeHandMaster"/>
			<property name="CreativeMode" value="None"/>
			<property name="HoldType" value="55"/>
			<property class="Action0">
				<property name="Delay" value="0.5"/>
				<property name="Range" value="2.5"/>
				<property name="DamageEntity" value="20"/>
				<property name="DamageBlock" value="50"/>
			</property>
			<property class="Action1">
				<property name="Class" value="Vomit"/>
				<property name="Hitmask_override" value="Arrow"/>
				<property name="Delay" value=".6"/>
				<property name="Range" value="200"/>
				<property name="Infinite_ammo" value="true"/>
				<property name="Magazine_items" value="FuriousRamsayBlackShieldBossArrowAmmo"/>
				<property name="Sound_warning" value="bow_unquiver"/>
				<property name="Sound_start" value=""/>
				<property name="Sound_repeat" value=""/>
				<property name="Sound_end" value=""/>
				<property name="Sound_empty" value=""/>
				<property name="Sound_reload" value=""/>		
			</property>
			<effect_group name="FuriousRamsayMeleeHandBlackShieldBossTier2" tiered="false">
				<passive_effect name="ModSlots" operation="base_set" value="0"/>
				<passive_effect name="DamageFalloffRange" operation="base_set" value="20"/>
				<passive_effect name="MaxRange" operation="base_set" value="200"/>
				<passive_effect name="MagazineSize" operation="base_set" value="1"/>
				<passive_effect name="BurstRoundCount" operation="base_set" value="10"/>
				<passive_effect name="SpreadDegreesVertical" operation="base_set" value="2"/>
				<passive_effect name="SpreadDegreesHorizontal" operation="base_set" value="5"/>
			</effect_group>
			<effect_group name="FuriousRamsayMeleeHandBlackShieldKnockDown">
				<requirement name="EntityTagCompare" target="other" tags="player,robot"/>
				<requirement name="RandomRoll" seed_type="Random" min_max="0,100" operation="LTE" value="15"/>
					<triggered_effect trigger="onSelfAttackedOther" action="Ragdoll" target="other" duration="1" force="2000"/>
					<triggered_effect trigger="onSelfAttackedOther" action="PlaySound" target="other" sound="malehateattack"/>
			</effect_group>
		</item>

		<item name="FuriousRamsayBlackShieldBossArrowAmmo">
			<property name="Meshfile" value="#Other/Items?Weapons/Ranged/Bows/WoodenBow/bodkinArrowPrefab.prefab"/>	
			
			<property name="Material" value="Morganic"/>
			<property name="CreativeMode" value="None"/>
			<property class="Action1">
				<property name="Class" value="Projectile"/>
				<property name="DamageEntity" value="5"/>
				<property name="DamageBlock" value="15"/>
				<property name="Explosion.ParticleIndex" value="0"/>
				<property name="Explosion.RadiusEntities" value="3"/>
				<property name="Velocity" value="20"/>
				<property name="FlyTime" value="2"/>
				<property name="Gravity" value="-4"/>
				<property name="LifeTime" value="2"/>
				<property name="CollisionRadius" value="0.5"/>
			</property>
			<effect_group name="FuriousRamsayBlackShieldBossArrowAmmo" tiered="false">
				<passive_effect name="DamageModifier" operation="perc_set" value="0" tags="earth"/>
				<passive_effect name="DamageModifier" operation="perc_set" value="0.5" tags="stone"/>
				<passive_effect name="DamageModifier" operation="perc_add" value="1.2" tags="metal"/>
			</effect_group>
		</item>

		<item name="FuriousRamsayMeleeHandBlackShieldBossTier3">
			<property name="Extends" value="meleeHandMaster"/>
			<property name="CreativeMode" value="None"/>
			<property name="HoldType" value="55"/>
			<property class="Action0">
				<property name="Delay" value="0.6"/>
				<property name="Range" value="2.6"/>
				<property name="DamageEntity" value="25"/>
				<property name="DamageBlock" value="75"/>
			</property>
			<property class="Action1">
				<property name="Class" value="Vomit"/>
				<property name="Hitmask_override" value="Arrow"/>
				<property name="Delay" value="0.3"/>
				<property name="Range" value="200"/>
				<property name="Infinite_ammo" value="true"/>
				<property name="Magazine_items" value="FuriousRamsayBlackShieldBossShockAmmo"/>
				<property name="Sound_warning" value="electric_fence_impact"/>
				<property name="Sound_start" value="mp5_fire"/>
				<property name="Sound_loop" value="mp5_fire"/>
				<property name="Sound_end" value="mp5_fire_end"/>
				<property name="Sound_empty" value="dryfire"/>
				<property name="Sound_reload" value="mp5_reload"/>
				<property name="Particles_muzzle_fire" value="gunfire_SMG"/>
				<property name="Particles_muzzle_fire_fpv" value="gunfire_SMG_fpv"/>
			</property>
			<effect_group name="FuriousRamsayMeleeHandBlackShieldBossTier3" tiered="false">
				<passive_effect name="ModSlots" operation="base_set" value="0"/>
				<passive_effect name="DamageFalloffRange" operation="base_set" value="20"/>
				<passive_effect name="MaxRange" operation="base_set" value="200"/>
				<passive_effect name="MagazineSize" operation="base_set" value="20"/>
				<passive_effect name="BurstRoundCount" operation="base_set" value="20"/>
				<passive_effect name="SpreadDegreesVertical" operation="base_set" value="5"/>
				<passive_effect name="SpreadDegreesHorizontal" operation="base_set" value="10"/>
			</effect_group>
			<effect_group name="FuriousRamsayMeleeHandBlackShieldKnockDown">
				<requirement name="EntityTagCompare" target="other" tags="player,robot"/>
				<requirement name="RandomRoll" seed_type="Random" min_max="0,100" operation="LTE" value="20"/>
					<triggered_effect trigger="onSelfAttackedOther" action="Ragdoll" target="other" duration="1" force="2000"/>
					<triggered_effect trigger="onSelfAttackedOther" action="PlaySound" target="other" sound="malehateattack"/>
					<triggered_effect trigger="onSelfAttackedOther" action="AddBuff" target="other" buff="FuriousRamsayAddShockEnemyBoss"/>
			</effect_group>
		</item>

		<item name="FuriousRamsayBlackShieldBossShockAmmo">
			<property name="Meshfile" value="Entities/Electrical/steel_dartPrefab"/>
			<property name="Material" value="Morganic"/>
			<property name="CreativeMode" value="None"/>
			<property class="Action1">
				<property name="Class" value="Projectile"/>
				<property name="DamageEntity" value="5"/>
				<property name="DamageBlock" value="15"/>
				<property name="Explosion.ParticleIndex" value="0"/>
				<property name="Explosion.RadiusEntities" value="2"/>
				<property name="Velocity" value="20"/>
				<property name="FlyTime" value="2"/>
				<property name="LifeTime" value="2"/>
				<property name="CollisionRadius" value="0.5"/>
				<property name="Buff" value="FuriousRamsayAddShockEnemy"/>
			</property>
			<effect_group name="FuriousRamsayBlackShieldBossShockAmmo" tiered="false">
				<passive_effect name="DamageModifier" operation="perc_set" value="0" tags="earth"/>
				<passive_effect name="DamageModifier" operation="perc_set" value="0.5" tags="stone"/>
				<passive_effect name="DamageModifier" operation="perc_add" value="1.2" tags="metal"/>
			</effect_group>
		</item>

		<item name="FuriousRamsayMeleeHandBlackShieldBossTier4">
			<property name="Extends" value="meleeHandMaster"/>
			<property name="CreativeMode" value="None"/>
			<property name="HoldType" value="55"/>
			<property class="Action0">
				<property name="Delay" value="0.5"/>
				<property name="Range" value="2.7"/>
				<property name="DamageEntity" value="30"/>
				<property name="DamageBlock" value="100"/>
			</property>
			<property class="Action1">
				<property name="Class" value="Vomit"/>
				<property name="Hitmask_override" value="Arrow"/>
				<property name="Delay" value=".5"/>
				<property name="Range" value="200"/>
				<property name="Infinite_ammo" value="true"/>
				<property name="Magazine_items" value="FuriousRamsayBlackShieldBossBurnAmmo"/>
				<property name="Sound_warning" value="hulkexplodewarning"/>
				<property name="Sound_start" value=""/>
				<property name="Sound_repeat" value=""/>
				<property name="Sound_end" value=""/>
				<property name="Sound_empty" value=""/>
				<property name="Sound_reload" value=""/>		
			</property>
			<effect_group name="FuriousRamsayMeleeHandBlackShieldBossTier4" tiered="false">
				<passive_effect name="ModSlots" operation="base_set" value="0"/>
				<passive_effect name="DamageFalloffRange" operation="base_set" value="20"/>
				<passive_effect name="MaxRange" operation="base_set" value="15"/>
				<passive_effect name="MagazineSize" operation="base_set" value="2"/>
				<passive_effect name="BurstRoundCount" operation="base_set" value="24"/>
				<passive_effect name="SpreadDegreesVertical" operation="base_set" value="2"/>
				<passive_effect name="SpreadDegreesHorizontal" operation="base_set" value="12"/>
			</effect_group>
			<effect_group name="FuriousRamsayMeleeHandBlackShieldKnockDown">
				<requirement name="EntityTagCompare" target="other" tags="player,robot"/>
				<requirement name="RandomRoll" seed_type="Random" min_max="0,100" operation="LTE" value="25"/>
					<triggered_effect trigger="onSelfAttackedOther" action="Ragdoll" target="other" duration="1" force="2000"/>
					<triggered_effect trigger="onSelfAttackedOther" action="PlaySound" target="other" sound="malehateattack"/>
					<triggered_effect trigger="onSelfAttackedOther" action="AddBuff" target="other" buff="FuriousRamsayAddBurningEnemyBoss"/>			
			</effect_group>
		</item>

		<item name="FuriousRamsayBlackShieldBossBurnAmmo">
			<property name="Meshfile" value="particleeffects/p_fire_small"/>
			
			<property name="Material" value="Morganic"/>
			<property name="CreativeMode" value="None"/>
			<property class="Action1">
				<property name="Class" value="Projectile"/>
				<property name="DamageEntity" value="2"/>
				<property name="DamageBlock" value="15"/>
				<property name="Explosion.ParticleIndex" value="0"/>
				<property name="Explosion.RadiusEntities" value="2"/>
				<property name="Velocity" value="20"/>
				<property name="FlyTime" value="2"/>
				<property name="LifeTime" value="2"/>
				<property name="CollisionRadius" value="0.5"/>
				<property name="Buff" value="FuriousRamsayAddBurningEnemyTier5"/>
			</property>
			<effect_group name="FuriousRamsayBlackShieldBossBurnAmmo" tiered="false">
				<passive_effect name="DamageModifier" operation="perc_set" value="0" tags="earth"/>
				<passive_effect name="DamageModifier" operation="perc_set" value="0.5" tags="stone"/>
				<passive_effect name="DamageModifier" operation="perc_add" value="1.2" tags="metal"/>
			</effect_group>
		</item>

		<item name="FuriousRamsayMeleeHandBlackShieldBossTier5">
			<property name="Extends" value="meleeHandMaster"/>
			<property name="CreativeMode" value="None"/>
			<property name="HoldType" value="55"/>
			<property class="Action0">
				<property name="Delay" value="0.5"/>
				<property name="Range" value="2.8"/>
				<property name="DamageEntity" value="35"/>
				<property name="DamageBlock" value="150"/>
			</property>
			<property class="Action1">
				<property name="Class" value="Vomit"/>
				<property name="Hitmask_override" value="Arrow"/>
				<property name="Delay" value=".5"/>
				<property name="Range" value="200"/>
				<property name="Infinite_ammo" value="true"/>
				<property name="Magazine_items" value="FuriousRamsayBlackShieldBossRocketAmmo"/>
				<property name="Sound_warning" value="Weapons/Ranged/MP5/mp5_reload"/>
				<property name="Sound_start" value=""/>
				<property name="Sound_repeat" value=""/>
				<property name="Sound_end" value=""/>
				<property name="Sound_empty" value=""/>
				<property name="Sound_reload" value=""/>		
			</property>
			<effect_group name="FuriousRamsayMeleeHandBlackShieldBossTier5" tiered="false">
				<passive_effect name="ModSlots" operation="base_set" value="0"/>
				<passive_effect name="DamageFalloffRange" operation="base_set" value="20"/>
				<passive_effect name="MaxRange" operation="base_set" value="15"/>
				<passive_effect name="MagazineSize" operation="base_set" value="1"/>
				<passive_effect name="BurstRoundCount" operation="base_set" value="30"/>
				<passive_effect name="SpreadDegreesVertical" operation="base_set" value="2"/>
				<passive_effect name="SpreadDegreesHorizontal" operation="base_set" value="15"/>
			</effect_group>
			<effect_group name="FuriousRamsayMeleeHandBlackShieldKnockDown">
				<requirement name="EntityTagCompare" target="other" tags="player,robot"/>
				<requirement name="RandomRoll" seed_type="Random" min_max="0,100" operation="LTE" value="30"/>
					<triggered_effect trigger="onSelfAttackedOther" action="Ragdoll" target="other" duration="1" force="2000"/>
					<triggered_effect trigger="onSelfAttackedOther" action="PlaySound" target="other" sound="malehateattack"/>
					<triggered_effect trigger="onSelfAttackedOther" action="AddBuff" target="other" buff="FuriousRamsayAddExplosionEnemyBoss"/>			
			</effect_group>
		</item>

		<item name="FuriousRamsayBlackShieldBossRocketAmmo">
			<property name="Meshfile" value="#Other/Items?Weapons/Ranged/RocketLauncher/rocketPrefab.prefab"/>	
			
			<property name="Material" value="Morganic"/>
			<property name="CreativeMode" value="None"/>
			<property class="Action1">
				<property name="Class" value="Projectile"/>
				<property name="DamageEntity" value="6"/>
				<property name="DamageBlock" value="15"/>
				<property name="Explosion.ParticleIndex" value="5"/>
				<property name="Explosion.RadiusEntities" value="4"/>
				<property name="Velocity" value="20"/>
				<property name="FlyTime" value="2"/>
				<property name="Gravity" value="-4"/>
				<property name="LifeTime" value="2"/>
				<property name="CollisionRadius" value="0.5"/>
			</property>
			<effect_group name="FuriousRamsayBlackShieldBossRocketAmmo" tiered="false">
				<passive_effect name="BlockDamage" operation="base_set" value="2"/><display_value name="dExDamageBlock" value="2"/>
				<passive_effect name="EntityDamage" operation="base_set" value="6"/><display_value name="dExDamageEntity" value="6"/>
				<passive_effect name="DamageModifier" operation="perc_set" value="0" tags="earth"/>
				<passive_effect name="DamageModifier" operation="perc_set" value="0.5" tags="stone"/>
				<passive_effect name="DamageModifier" operation="perc_add" value="1.2" tags="metal"/>
			</effect_group>
		</item>

		<item name="FuriousRamsayRangedAllyVulture">
			<property name="Extends" value="meleeHandMaster"/>
			<property name="CreativeMode" value="None"/>
			<property name="HoldType" value="55"/>
			<property class="Action0">
				<property name="Delay" value="4"/>
				<property name="Range" value="2.8"/>
				<property name="DamageEntity" value="25"/>
				<property name="DamageBlock" value="50"/>
				<property name="Buff" value="FuriousRamsayAddShockAllyNPCTier5"/>
			</property>
			<property class="Action1">
				<property name="Class" value="Vomit"/>
				<property name="Hitmask_override" value="Arrow"/>
				<property name="Delay" value="1"/>
				<property name="Range" value="15"/>
				<property name="Infinite_ammo" value="true"/>
				<property name="Magazine_items" value="FuriousRamsayBlackShieldBossBurnAmmo"/>
				<property name="Sound_warning" value="hulkexplodewarning"/>
				<property name="Sound_start" value=""/>
				<property name="Sound_repeat" value=""/>
				<property name="Sound_end" value=""/>
				<property name="Sound_empty" value=""/>
				<property name="Sound_reload" value=""/>		
			</property>
			<effect_group name="FuriousRamsayRangedAllyVulture" tiered="false">
				<passive_effect name="ModSlots" operation="base_set" value="0"/>
				<passive_effect name="DamageFalloffRange" operation="base_set" value="20"/>
				<passive_effect name="MaxRange" operation="base_set" value="15"/>
				<passive_effect name="MagazineSize" operation="base_set" value="4"/>
				<passive_effect name="BurstRoundCount" operation="base_set" value="4"/>
				<passive_effect name="SpreadDegreesVertical" operation="base_set" value="2"/>
				<passive_effect name="SpreadDegreesHorizontal" operation="base_set" value="2"/>
			</effect_group>
		</item>

		<item name="FuriousRamsayMeleeHandEnemyTier1">
			<property name="Extends" value="meleeHandMaster"/>
			<property name="CreativeMode" value="None"/>
			<property name="HoldType" value="12"/> 
			<property class="Action0">
				<property name="Delay" value="0.8"/>
				<property name="Range" value="2.4"/>
				<property name="DamageEntity" value="10"/>
				<property name="DamageBlock" value="50"/>
				<property name="Sphere" value="1.2"/>
				<property name="Block_range" value="2.5"/>
			</property>
			<effect_group name="meleeHandHumanTemplate" tiered="false">
				<passive_effect name="ModSlots" operation="base_set" value="0"/>
				<passive_effect name="DamageModifier" operation="perc_add" value="3" tags="earth"/>
			</effect_group>
		</item>	

		<item name="FuriousRamsayMeleeHandEnemyTier2">
			<property name="Extends" value="meleeHandMaster"/>
			<property name="CreativeMode" value="None"/>
			<property name="HoldType" value="12"/> 
			<property class="Action0">
				<property name="Delay" value="0.7"/>
				<property name="Range" value="2.5"/>
				<property name="DamageEntity" value="15"/>
				<property name="DamageBlock" value="60"/>
				<property name="Sphere" value="1.2"/>
				<property name="Block_range" value="2.5"/>
			</property>
			<effect_group name="meleeHandHumanTemplate" tiered="false">
				<passive_effect name="ModSlots" operation="base_set" value="0"/>
				<passive_effect name="DamageModifier" operation="perc_add" value="3" tags="earth"/>
			</effect_group>
		</item>	

		<item name="FuriousRamsayMeleeHandEnemyTier3">
			<property name="Extends" value="meleeHandMaster"/>
			<property name="CreativeMode" value="None"/>
			<property name="HoldType" value="12"/> 
			<property class="Action0">
				<property name="Delay" value="0.6"/>
				<property name="Range" value="2.6"/>
				<property name="DamageEntity" value="20"/>
				<property name="DamageBlock" value="70"/>
				<property name="Sphere" value="1.2"/>
				<property name="Block_range" value="2.5"/>
			</property>
			<effect_group name="meleeHandHumanTemplate" tiered="false">
				<passive_effect name="ModSlots" operation="base_set" value="0"/>
				<passive_effect name="DamageModifier" operation="perc_add" value="3" tags="earth"/>
			</effect_group>
		</item>	

		<item name="FuriousRamsayMeleeHandEnemyTier4">
			<property name="Extends" value="meleeHandMaster"/>
			<property name="CreativeMode" value="None"/>
			<property name="HoldType" value="12"/> 
			<property class="Action0">
				<property name="Delay" value="0.5"/>
				<property name="Range" value="2.7"/>
				<property name="DamageEntity" value="25"/>
				<property name="DamageBlock" value="80"/>
				<property name="Sphere" value="1.2"/>
				<property name="Block_range" value="2.5"/>
			</property>
			<effect_group name="meleeHandHumanTemplate" tiered="false">
				<passive_effect name="ModSlots" operation="base_set" value="0"/>
				<passive_effect name="DamageModifier" operation="perc_add" value="3" tags="earth"/>
			</effect_group>
		</item>	

		<item name="FuriousRamsayMeleeHandEnemyTier5">
			<property name="Extends" value="meleeHandMaster"/>
			<property name="CreativeMode" value="None"/>
			<property name="HoldType" value="12"/> 
			<property class="Action0">
				<property name="Delay" value="0.4"/>
				<property name="Range" value="2.8"/>
				<property name="DamageEntity" value="30"/>
				<property name="DamageBlock" value="90"/>
				<property name="Sphere" value="1.2"/>
				<property name="Block_range" value="2.5"/>
			</property>
			<effect_group name="meleeHandHumanTemplate" tiered="false">
				<passive_effect name="ModSlots" operation="base_set" value="0"/>
				<passive_effect name="DamageModifier" operation="perc_add" value="3" tags="earth"/>
			</effect_group>
		</item>	

	</append>
</Config>