<Config>

	<append xpath="/Sounds">

		<SoundDataNode name="FuriousRamsayImpact"> 

			<AudioSource name="Sounds/AudioSource_Impact"/>
			<Noise ID="4" noise="10" time="1" heat_map_strength="0.1" heat_map_time="10"/>
			<AudioClip ClipName="Sounds/DestroyBlock/avalanche1"/>
			<LocalCrouchVolumeScale value="0.5"/>
			<CrouchNoiseScale value="0.5"/> 
			<NoiseScale value="1"/> 
			<MaxVoices value="10"/> 
			<MaxRepeatRate value="0.01"/> 

		</SoundDataNode>
		
		<SoundDataNode name="FuriousRamsayExplosion"> 

			<AudioSource name="Sounds/AudioSource_Explosion"/>
			<Noise ID="5" noise="10" time="4" heat_map_strength="1" heat_map_time="1"/>
			<AudioClip ClipName="Sounds/Explosions/explosion3"/>
			<LowestPitch name="0.9"/>
			<HighestPitch name="1.0"/>
			<LocalCrouchVolumeScale value="0.5"/> 
			<CrouchNoiseScale value="0.5"/> 
			<NoiseScale value="1"/> 
			<MaxVoices value="3"/> 
			<MaxRepeatRate value="0.01"/>
			
		</SoundDataNode>
		
		<SoundDataNode name="FuriousRamsayAlarm">

			<AudioSource name="Sounds/AudioSource_VO_Announce"/>
			<AudioClip ClipName="Sounds/Electricity/Alarms/alarm1_lp"/>
			<LocalCrouchVolumeScale value="1.0"/>
			<CrouchNoiseScale value="0.5"/> 
			<NoiseScale value="1"/> 
			<MaxVoices value="10"/> 
			<MaxRepeatRate value="0"/> 
			
		</SoundDataNode>

		
	</append>
		
</Config>