<Config>

	<append xpath="/traders/trader_item_groups">

		<trader_item_group name="FuriousRamsayGroupQuestChallengesTier1">
			<item name="qc_FuriousRamsayTier1_minihorde" count="1" prob="0.6"/>
			<item name="qc_FuriousRamsayHuntTier1" count="1" prob="0.5"/>
			<item name="qc_FuriousRamsayHordeTrainingTier1" count="1" prob="0.4"/>
			<!--<item name="FuriousRamsaySpawnAllyDogTier1" count="1" prob="0.3"/>-->
			<item name="qc_FuriousRamsaySpawnAllyDogTier1" prob="0.3"/>
			<item name="qc_FuriousRamsayGhostsTier1" prob="0.6"/>
			<item name="qc_FuriousRamsayTier1_BlackShieldBoss" prob="0.4"/>
			<item name="qc_FuriousRamsayResetPOI" count="1" prob="0.05"/>
		</trader_item_group>

		<trader_item_group name="FuriousRamsayGroupQuestChallengesTier2">
			<item name="qc_FuriousRamsayTier2_minihorde" count="1" prob="0.6"/>
			<item name="qc_FuriousRamsayHuntTier2" count="1" prob="0.5"/>
			<item name="qc_FuriousRamsayHordeTrainingTier2" count="1" prob="0.4"/>
			<!--<item name="FuriousRamsaySpawnAllyWolfTier2" count="1" quality="1" prob="0.3"/>-->
			<item name="qc_FuriousRamsaySpawnAllyWolfTier2" count="1" prob="0.3"/>
			<item name="qc_FuriousRamsayGhostsTier2" prob="0.6"/>
			<item name="qc_FuriousRamsayTier2_BlackShieldBoss" prob="0.4"/>
		</trader_item_group>

		<trader_item_group name="FuriousRamsayGroupQuestChallengesTier3">
			<item name="qc_FuriousRamsayTier3_minihorde" count="1" prob="0.6"/>
			<item name="qc_FuriousRamsayHuntTier3" count="1" prob="0.5"/>
			<item name="qc_FuriousRamsayHordeTrainingTier3" count="1" prob="0.4"/>
			<!--<item name="FuriousRamsaySpawnAllyLionTier3" count="1" quality="1" prob="0.3"/>-->
			<item name="qc_FuriousRamsaySpawnAllyLionTier3" count="1" prob="0.3"/>-->
			<item name="qc_FuriousRamsayGhostsTier3" prob="0.6"/>
			<item name="qc_FuriousRamsayTier3_BlackShieldBoss" prob="0.4"/>
		</trader_item_group>

		<trader_item_group name="FuriousRamsayGroupQuestChallengesTier4">
			<item name="qc_FuriousRamsayTier4_minihorde" count="1" prob="0.6"/>
			<item name="qc_FuriousRamsayHuntTier4" count="1" prob="0.5"/>
			<item name="qc_FuriousRamsayHordeTrainingTier4" count="1" prob="0.4"/>
			<!--<item name="FuriousRamsaySpawnAllyBearTier4" count="1" quality="1" prob="0.3"/>-->
			<item name="qc_FuriousRamsaySpawnAllyBearTier4" count="1" prob="0.3"/>
			<item name="qc_FuriousRamsayGhostsTier4" prob="0.6"/>
			<item name="qc_FuriousRamsayTier4_BlackShieldBoss" prob="0.4"/>
		</trader_item_group>

		<trader_item_group name="FuriousRamsayGroupQuestChallengesTier5">
			<item name="qc_FuriousRamsayTier5_minihorde" count="1" prob="0.6"/>
			<item name="qc_FuriousRamsayHuntTier5" count="1" prob="0.5"/>
			<item name="qc_FuriousRamsayHordeTrainingTier5" count="1" prob="0.4"/>
			<!--<item name="FuriousRamsaySpawnAllyNPCTier5" count="1" quality="1" prob="0.3"/>-->
			<item name="qc_FuriousRamsaySpawnAllyNPCTier5" count="1" prob="0.3"/>
			<item name="qc_FuriousRamsayGhostsTier5" prob="0.6"/>
			<item name="qc_FuriousRamsayTier5_BlackShieldBoss" prob="0.4"/>
		</trader_item_group>

		<trader_item_group name="FuriousRamsayGroupMiscItems">
		</trader_item_group>

		<trader_item_group name="FuriousRamsayTraderGroupQuestChallengesTier1" >
			<item group="FuriousRamsayGroupQuestChallengesTier1"/>
		</trader_item_group>

		<trader_item_group name="FuriousRamsayTraderGroupQuestChallengesTier2" >
			<item group="FuriousRamsayGroupQuestChallengesTier2"/>
		</trader_item_group>

		<trader_item_group name="FuriousRamsayTraderGroupQuestChallengesTier3" >
			<item group="FuriousRamsayGroupQuestChallengesTier3"/>
		</trader_item_group>

		<trader_item_group name="FuriousRamsayTraderGroupQuestChallengesTier4" >
			<item group="FuriousRamsayGroupQuestChallengesTier4"/>
		</trader_item_group>

		<trader_item_group name="FuriousRamsayTraderGroupQuestChallengesTier5" >
			<item group="FuriousRamsayGroupQuestChallengesTier5"/>
		</trader_item_group>

		<trader_item_group name="FuriousRamsayTraderMiscItems" >
			<item group="FuriousRamsayGroupMiscItems"/>
		</trader_item_group>

	</append>

	<remove xpath="/traders/trader_info[@id='5']"/>

	<append xpath="/traders">
		<trader_info id="5" reset_interval="1" override_buy_markup="1.0" override_sell_markup="1.0" allow_sell="false" rentable="false" min_inventory="8" max_inventory="8" min_items_swapped="8" max_items_swapped="8">
			<trader_items count="8">
				<item group="FuriousRamsayTraderGroupQuestChallengesTier1" count="1"/>
				<item group="FuriousRamsayTraderGroupQuestChallengesTier2" count="1"/>
				<item group="FuriousRamsayTraderGroupQuestChallengesTier3" count="1"/>
				<item group="FuriousRamsayTraderGroupQuestChallengesTier4" count="1"/>
				<item group="FuriousRamsayTraderGroupQuestChallengesTier5" count="1"/>
				<item group="FuriousRamsayTraderMiscItems"/>
			</trader_items>
		</trader_info>

	</append>

</Config>